25,1e+05,1,1+4.2921e-33i,1-5.3518e-34i,1+3.7215e-30i,1-1.3686e-32i,1+8.1461e-34i,1-1.3802e-31i,1-1.4968e-35i,1-6.0107e-32i,1+1.1572e-32i,1-1.6253e-32i,1+4.0331e-35i,1+1.4444e-34i,1+2.2181e-33i,1-2.9179e-33i,1+1.5186e-33i,1+1.4791e-33i,1+2.1658e-33i,1-1.5829e-33i,1-8.6374e-33i,1-1.3166e-34i,1+3.093e-32i,1-5.2537e-33i,1-2.5142e-32i,1-3.1036e-32i,1-8.0579e-34i,1+2.5901e-32i,1+2.3493e-32i,1+3.8043e-33i,1+3.1791e-33i,1-8.1548e-35i,1+5.9277e-34i,1-1.3051e-33i,1+2.3498e-31i
47,1e+05,1,1+4.2921e-33i,1-5.3518e-34i,1+3.7215e-30i,1-1.3686e-32i,1+8.1461e-34i,1-1.3802e-31i,1-1.4968e-35i,1-6.0107e-32i,1+1.1572e-32i,1-1.6253e-32i,1+4.0331e-35i,1+1.4444e-34i,1+2.2181e-33i,1-2.9179e-33i,1+1.5186e-33i,1+1.4791e-33i,1+2.1658e-33i,1-1.5829e-33i,1-8.6374e-33i,1-1.3166e-34i,1+3.093e-32i,1-5.2537e-33i,1-2.5142e-32i,1-3.1036e-32i,1-8.0579e-34i,1+2.5901e-32i,1+2.3493e-32i,1+3.8043e-33i,1+3.1791e-33i,1-8.1548e-35i,1+5.9277e-34i,1-1.3051e-33i,1+2.3498e-31i
67,1e+05,1,1+4.2921e-33i,1-5.3518e-34i,1+3.7215e-30i,1-1.3686e-32i,1+8.1461e-34i,1-1.3802e-31i,1-1.4968e-35i,1-6.0107e-32i,1+1.1572e-32i,1-1.6253e-32i,1+4.0331e-35i,1+1.4444e-34i,1+2.2181e-33i,1-2.9179e-33i,1+1.5186e-33i,1+1.4791e-33i,1+2.1658e-33i,1-1.5829e-33i,1-8.6374e-33i,1-1.3166e-34i,1+3.093e-32i,1-5.2537e-33i,1-2.5142e-32i,1-3.1036e-32i,1-8.0579e-34i,1+2.5901e-32i,1+2.3493e-32i,1+3.8043e-33i,1+3.1791e-33i,1-8.1548e-35i,1+5.9277e-34i,1-1.3051e-33i,1+2.3498e-31i
25,1.3103e+05,1,1+4.2921e-33i,1-5.3518e-34i,1+3.7215e-30i,1-1.3686e-32i,1+8.1461e-34i,1-1.3802e-31i,1-1.4968e-35i,1-6.0107e-32i,1+1.1572e-32i,1-1.6253e-32i,1+4.0331e-35i,1+1.4444e-34i,1+2.2181e-33i,1-2.9179e-33i,1+1.5186e-33i,1+1.4791e-33i,1+2.1658e-33i,1-1.5829e-33i,1-8.6374e-33i,1-1.3166e-34i,1+3.093e-32i,1-5.2537e-33i,1-2.5142e-32i,1-3.1036e-32i,1-8.0579e-34i,1+2.5901e-32i,1+2.3493e-32i,1+3.8043e-33i,1+3.1791e-33i,1-8.1548e-35i,1+5.9277e-34i,1-1.3051e-33i,1+2.3498e-31i
47,1.3103e+05,1,1+4.2921e-33i,1-5.3518e-34i,1+3.7215e-30i,1-1.3686e-32i,1+8.1461e-34i,1-1.3802e-31i,1-1.4968e-35i,1-6.0107e-32i,1+1.1572e-32i,1-1.6253e-32i,1+4.0331e-35i,1+1.4444e-34i,1+2.2181e-33i,1-2.9179e-33i,1+1.5186e-33i,1+1.4791e-33i,1+2.1658e-33i,1-1.5829e-33i,1-8.6374e-33i,1-1.3166e-34i,1+3.093e-32i,1-5.2537e-33i,1-2.5142e-32i,1-3.1036e-32i,1-8.0579e-34i,1+2.5901e-32i,1+2.3493e-32i,1+3.8043e-33i,1+3.1791e-33i,1-8.1548e-35i,1+5.9277e-34i,1-1.3051e-33i,1+2.3498e-31i
67,1.3103e+05,1,1+4.2921e-33i,1-5.3518e-34i,1+3.7215e-30i,1-1.3686e-32i,1+8.1461e-34i,1-1.3802e-31i,1-1.4968e-35i,1-6.0107e-32i,1+1.1572e-32i,1-1.6253e-32i,1+4.0331e-35i,1+1.4444e-34i,1+2.2181e-33i,1-2.9179e-33i,1+1.5186e-33i,1+1.4791e-33i,1+2.1658e-33i,1-1.5829e-33i,1-8.6374e-33i,1-1.3166e-34i,1+3.093e-32i,1-5.2537e-33i,1-2.5142e-32i,1-3.1036e-32i,1-8.0579e-34i,1+2.5901e-32i,1+2.3493e-32i,1+3.8043e-33i,1+3.1791e-33i,1-8.1548e-35i,1+5.9277e-34i,1-1.3051e-33i,1+2.3498e-31i
25,1.6207e+05,1,1+4.2921e-33i,1-5.3518e-34i,1+3.7215e-30i,1-1.3686e-32i,1+8.1461e-34i,1-1.3802e-31i,1-1.4968e-35i,1-6.0107e-32i,1+1.1572e-32i,1-1.6253e-32i,1+4.0331e-35i,1+1.4444e-34i,1+2.2181e-33i,1-2.9179e-33i,1+1.5186e-33i,1+1.4791e-33i,1+2.1658e-33i,1-1.5829e-33i,1-8.6374e-33i,1-1.3166e-34i,1+3.093e-32i,1-5.2537e-33i,1-2.5142e-32i,1-3.1036e-32i,1-8.0579e-34i,1+2.5901e-32i,1+2.3493e-32i,1+3.8043e-33i,1+3.1791e-33i,1-8.1548e-35i,1+5.9277e-34i,1-1.3051e-33i,1+2.3498e-31i
47,1.6207e+05,1,1+4.2921e-33i,1-5.3518e-34i,1+3.7215e-30i,1-1.3686e-32i,1+8.1461e-34i,1-1.3802e-31i,1-1.4968e-35i,1-6.0107e-32i,1+1.1572e-32i,1-1.6253e-32i,1+4.0331e-35i,1+1.4444e-34i,1+2.2181e-33i,1-2.9179e-33i,1+1.5186e-33i,1+1.4791e-33i,1+2.1658e-33i,1-1.5829e-33i,1-8.6374e-33i,1-1.3166e-34i,1+3.093e-32i,1-5.2537e-33i,1-2.5142e-32i,1-3.1036e-32i,1-8.0579e-34i,1+2.5901e-32i,1+2.3493e-32i,1+3.8043e-33i,1+3.1791e-33i,1-8.1548e-35i,1+5.9277e-34i,1-1.3051e-33i,1+2.3498e-31i
67,1.6207e+05,1,1+4.2921e-33i,1-5.3518e-34i,1+3.7215e-30i,1-1.3686e-32i,1+8.1461e-34i,1-1.3802e-31i,1-1.4968e-35i,1-6.0107e-32i,1+1.1572e-32i,1-1.6253e-32i,1+4.0331e-35i,1+1.4444e-34i,1+2.2181e-33i,1-2.9179e-33i,1+1.5186e-33i,1+1.4791e-33i,1+2.1658e-33i,1-1.5829e-33i,1-8.6374e-33i,1-1.3166e-34i,1+3.093e-32i,1-5.2537e-33i,1-2.5142e-32i,1-3.1036e-32i,1-8.0579e-34i,1+2.5901e-32i,1+2.3493e-32i,1+3.8043e-33i,1+3.1791e-33i,1-8.1548e-35i,1+5.9277e-34i,1-1.3051e-33i,1+2.3498e-31i
25,1.931e+05,1,1+4.2921e-33i,1-5.3518e-34i,1+3.7215e-30i,1-1.3686e-32i,1+8.1461e-34i,1-1.3802e-31i,1-1.4968e-35i,1-6.0107e-32i,1+1.1572e-32i,1-1.6253e-32i,1+4.0331e-35i,1+1.4444e-34i,1+2.2181e-33i,1-2.9179e-33i,1+1.5186e-33i,1+1.4791e-33i,1+2.1658e-33i,1-1.5829e-33i,1-8.6374e-33i,1-1.3166e-34i,1+3.093e-32i,1-5.2537e-33i,1-2.5142e-32i,1-3.1036e-32i,1-8.0579e-34i,1+2.5901e-32i,1+2.3493e-32i,1+3.8043e-33i,1+3.1791e-33i,1-8.1548e-35i,1+5.9277e-34i,1-1.3051e-33i,1+2.3498e-31i
47,1.931e+05,1,1+4.2921e-33i,1-5.3518e-34i,1+3.7215e-30i,1-1.3686e-32i,1+8.1461e-34i,1-1.3802e-31i,1-1.4968e-35i,1-6.0107e-32i,1+1.1572e-32i,1-1.6253e-32i,1+4.0331e-35i,1+1.4444e-34i,1+2.2181e-33i,1-2.9179e-33i,1+1.5186e-33i,1+1.4791e-33i,1+2.1658e-33i,1-1.5829e-33i,1-8.6374e-33i,1-1.3166e-34i,1+3.093e-32i,1-5.2537e-33i,1-2.5142e-32i,1-3.1036e-32i,1-8.0579e-34i,1+2.5901e-32i,1+2.3493e-32i,1+3.8043e-33i,1+3.1791e-33i,1-8.1548e-35i,1+5.9277e-34i,1-1.3051e-33i,1+2.3498e-31i
67,1.931e+05,1,1+4.2921e-33i,1-5.3518e-34i,1+3.7215e-30i,1-1.3686e-32i,1+8.1461e-34i,1-1.3802e-31i,1-1.4968e-35i,1-6.0107e-32i,1+1.1572e-32i,1-1.6253e-32i,1+4.0331e-35i,1+1.4444e-34i,1+2.2181e-33i,1-2.9179e-33i,1+1.5186e-33i,1+1.4791e-33i,1+2.1658e-33i,1-1.5829e-33i,1-8.6374e-33i,1-1.3166e-34i,1+3.093e-32i,1-5.2537e-33i,1-2.5142e-32i,1-3.1036e-32i,1-8.0579e-34i,1+2.5901e-32i,1+2.3493e-32i,1+3.8043e-33i,1+3.1791e-33i,1-8.1548e-35i,1+5.9277e-34i,1-1.3051e-33i,1+2.3498e-31i
25,2.2414e+05,1,1+4.2921e-33i,1-5.3518e-34i,1+3.7215e-30i,1-1.3686e-32i,1+8.1461e-34i,1-1.3802e-31i,1-1.4968e-35i,1-6.0107e-32i,1+1.1572e-32i,1-1.6253e-32i,1+4.0331e-35i,1+1.4444e-34i,1+2.2181e-33i,1-2.9179e-33i,1+1.5186e-33i,1+1.4791e-33i,1+2.1658e-33i,1-1.5829e-33i,1-8.6374e-33i,1-1.3166e-34i,1+3.093e-32i,1-5.2537e-33i,1-2.5142e-32i,1-3.1036e-32i,1-8.0579e-34i,1+2.5901e-32i,1+2.3493e-32i,1+3.8043e-33i,1+3.1791e-33i,1-8.1548e-35i,1+5.9277e-34i,1-1.3051e-33i,1+2.3498e-31i
47,2.2414e+05,1,1+4.2921e-33i,1-5.3518e-34i,1+3.7215e-30i,1-1.3686e-32i,1+8.1461e-34i,1-1.3802e-31i,1-1.4968e-35i,1-6.0107e-32i,1+1.1572e-32i,1-1.6253e-32i,1+4.0331e-35i,1+1.4444e-34i,1+2.2181e-33i,1-2.9179e-33i,1+1.5186e-33i,1+1.4791e-33i,1+2.1658e-33i,1-1.5829e-33i,1-8.6374e-33i,1-1.3166e-34i,1+3.093e-32i,1-5.2537e-33i,1-2.5142e-32i,1-3.1036e-32i,1-8.0579e-34i,1+2.5901e-32i,1+2.3493e-32i,1+3.8043e-33i,1+3.1791e-33i,1-8.1548e-35i,1+5.9277e-34i,1-1.3051e-33i,1+2.3498e-31i
67,2.2414e+05,1,1+4.2921e-33i,1-5.3518e-34i,1+3.7215e-30i,1-1.3686e-32i,1+8.1461e-34i,1-1.3802e-31i,1-1.4968e-35i,1-6.0107e-32i,1+1.1572e-32i,1-1.6253e-32i,1+4.0331e-35i,1+1.4444e-34i,1+2.2181e-33i,1-2.9179e-33i,1+1.5186e-33i,1+1.4791e-33i,1+2.1658e-33i,1-1.5829e-33i,1-8.6374e-33i,1-1.3166e-34i,1+3.093e-32i,1-5.2537e-33i,1-2.5142e-32i,1-3.1036e-32i,1-8.0579e-34i,1+2.5901e-32i,1+2.3493e-32i,1+3.8043e-33i,1+3.1791e-33i,1-8.1548e-35i,1+5.9277e-34i,1-1.3051e-33i,1+2.3498e-31i
25,2.5517e+05,1,1+4.2921e-33i,1-5.3518e-34i,1+3.7215e-30i,1-1.3686e-32i,1+8.1461e-34i,1-1.3802e-31i,1-1.4968e-35i,1-6.0107e-32i,1+1.1572e-32i,1-1.6253e-32i,1+4.0331e-35i,1+1.4444e-34i,1+2.2181e-33i,1-2.9179e-33i,1+1.5186e-33i,1+1.4791e-33i,1+2.1658e-33i,1-1.5829e-33i,1-8.6374e-33i,1-1.3166e-34i,1+3.093e-32i,1-5.2537e-33i,1-2.5142e-32i,1-3.1036e-32i,1-8.0579e-34i,1+2.5901e-32i,1+2.3493e-32i,1+3.8043e-33i,1+3.1791e-33i,1-8.1548e-35i,1+5.9277e-34i,1-1.3051e-33i,1+2.3498e-31i
47,2.5517e+05,1,1+4.2921e-33i,1-5.3518e-34i,1+3.7215e-30i,1-1.3686e-32i,1+8.1461e-34i,1-1.3802e-31i,1-1.4968e-35i,1-6.0107e-32i,1+1.1572e-32i,1-1.6253e-32i,1+4.0331e-35i,1+1.4444e-34i,1+2.2181e-33i,1-2.9179e-33i,1+1.5186e-33i,1+1.4791e-33i,1+2.1658e-33i,1-1.5829e-33i,1-8.6374e-33i,1-1.3166e-34i,1+3.093e-32i,1-5.2537e-33i,1-2.5142e-32i,1-3.1036e-32i,1-8.0579e-34i,1+2.5901e-32i,1+2.3493e-32i,1+3.8043e-33i,1+3.1791e-33i,1-8.1548e-35i,1+5.9277e-34i,1-1.3051e-33i,1+2.3498e-31i
67,2.5517e+05,1,1+4.2921e-33i,1-5.3518e-34i,1+3.7215e-30i,1-1.3686e-32i,1+8.1461e-34i,1-1.3802e-31i,1-1.4968e-35i,1-6.0107e-32i,1+1.1572e-32i,1-1.6253e-32i,1+4.0331e-35i,1+1.4444e-34i,1+2.2181e-33i,1-2.9179e-33i,1+1.5186e-33i,1+1.4791e-33i,1+2.1658e-33i,1-1.5829e-33i,1-8.6374e-33i,1-1.3166e-34i,1+3.093e-32i,1-5.2537e-33i,1-2.5142e-32i,1-3.1036e-32i,1-8.0579e-34i,1+2.5901e-32i,1+2.3493e-32i,1+3.8043e-33i,1+3.1791e-33i,1-8.1548e-35i,1+5.9277e-34i,1-1.3051e-33i,1+2.3498e-31i
25,2.8621e+05,1,1+4.2921e-33i,1-5.3518e-34i,1+3.7215e-30i,1-1.3686e-32i,1+8.1461e-34i,1-1.3802e-31i,1-1.4968e-35i,1-6.0107e-32i,1+1.1572e-32i,1-1.6253e-32i,1+4.0331e-35i,1+1.4444e-34i,1+2.2181e-33i,1-2.9179e-33i,1+1.5186e-33i,1+1.4791e-33i,1+2.1658e-33i,1-1.5829e-33i,1-8.6374e-33i,1-1.3166e-34i,1+3.093e-32i,1-5.2537e-33i,1-2.5142e-32i,1-3.1036e-32i,1-8.0579e-34i,1+2.5901e-32i,1+2.3493e-32i,1+3.8043e-33i,1+3.1791e-33i,1-8.1548e-35i,1+5.9277e-34i,1-1.3051e-33i,1+2.3498e-31i
47,2.8621e+05,1,1+4.2921e-33i,1-5.3518e-34i,1+3.7215e-30i,1-1.3686e-32i,1+8.1461e-34i,1-1.3802e-31i,1-1.4968e-35i,1-6.0107e-32i,1+1.1572e-32i,1-1.6253e-32i,1+4.0331e-35i,1+1.4444e-34i,1+2.2181e-33i,1-2.9179e-33i,1+1.5186e-33i,1+1.4791e-33i,1+2.1658e-33i,1-1.5829e-33i,1-8.6374e-33i,1-1.3166e-34i,1+3.093e-32i,1-5.2537e-33i,1-2.5142e-32i,1-3.1036e-32i,1-8.0579e-34i,1+2.5901e-32i,1+2.3493e-32i,1+3.8043e-33i,1+3.1791e-33i,1-8.1548e-35i,1+5.9277e-34i,1-1.3051e-33i,1+2.3498e-31i
67,2.8621e+05,1,1+4.2921e-33i,1-5.3518e-34i,1+3.7215e-30i,1-1.3686e-32i,1+8.1461e-34i,1-1.3802e-31i,1-1.4968e-35i,1-6.0107e-32i,1+1.1572e-32i,1-1.6253e-32i,1+4.0331e-35i,1+1.4444e-34i,1+2.2181e-33i,1-2.9179e-33i,1+1.5186e-33i,1+1.4791e-33i,1+2.1658e-33i,1-1.5829e-33i,1-8.6374e-33i,1-1.3166e-34i,1+3.093e-32i,1-5.2537e-33i,1-2.5142e-32i,1-3.1036e-32i,1-8.0579e-34i,1+2.5901e-32i,1+2.3493e-32i,1+3.8043e-33i,1+3.1791e-33i,1-8.1548e-35i,1+5.9277e-34i,1-1.3051e-33i,1+2.3498e-31i
25,3.1724e+05,1,1+4.2921e-33i,1-5.3518e-34i,1+3.7215e-30i,1-1.3686e-32i,1+8.1461e-34i,1-1.3802e-31i,1-1.4968e-35i,1-6.0107e-32i,1+1.1572e-32i,1-1.6253e-32i,1+4.0331e-35i,1+1.4444e-34i,1+2.2181e-33i,1-2.9179e-33i,1+1.5186e-33i,1+1.4791e-33i,1+2.1658e-33i,1-1.5829e-33i,1-8.6374e-33i,1-1.3166e-34i,1+3.093e-32i,1-5.2537e-33i,1-2.5142e-32i,1-3.1036e-32i,1-8.0579e-34i,1+2.5901e-32i,1+2.3493e-32i,1+3.8043e-33i,1+3.1791e-33i,1-8.1548e-35i,1+5.9277e-34i,1-1.3051e-33i,1+2.3498e-31i
47,3.1724e+05,1,1+4.2921e-33i,1-5.3518e-34i,1+3.7215e-30i,1-1.3686e-32i,1+8.1461e-34i,1-1.3802e-31i,1-1.4968e-35i,1-6.0107e-32i,1+1.1572e-32i,1-1.6253e-32i,1+4.0331e-35i,1+1.4444e-34i,1+2.2181e-33i,1-2.9179e-33i,1+1.5186e-33i,1+1.4791e-33i,1+2.1658e-33i,1-1.5829e-33i,1-8.6374e-33i,1-1.3166e-34i,1+3.093e-32i,1-5.2537e-33i,1-2.5142e-32i,1-3.1036e-32i,1-8.0579e-34i,1+2.5901e-32i,1+2.3493e-32i,1+3.8043e-33i,1+3.1791e-33i,1-8.1548e-35i,1+5.9277e-34i,1-1.3051e-33i,1+2.3498e-31i
67,3.1724e+05,1,1+4.2921e-33i,1-5.3518e-34i,1+3.7215e-30i,1-1.3686e-32i,1+8.1461e-34i,1-1.3802e-31i,1-1.4968e-35i,1-6.0107e-32i,1+1.1572e-32i,1-1.6253e-32i,1+4.0331e-35i,1+1.4444e-34i,1+2.2181e-33i,1-2.9179e-33i,1+1.5186e-33i,1+1.4791e-33i,1+2.1658e-33i,1-1.5829e-33i,1-8.6374e-33i,1-1.3166e-34i,1+3.093e-32i,1-5.2537e-33i,1-2.5142e-32i,1-3.1036e-32i,1-8.0579e-34i,1+2.5901e-32i,1+2.3493e-32i,1+3.8043e-33i,1+3.1791e-33i,1-8.1548e-35i,1+5.9277e-34i,1-1.3051e-33i,1+2.3498e-31i
25,3.4828e+05,1,1+4.2921e-33i,1-5.3518e-34i,1+3.7215e-30i,1-1.3686e-32i,1+8.1461e-34i,1-1.3802e-31i,1-1.4968e-35i,1-6.0107e-32i,1+1.1572e-32i,1-1.6253e-32i,1+4.0331e-35i,1+1.4444e-34i,1+2.2181e-33i,1-2.9179e-33i,1+1.5186e-33i,1+1.4791e-33i,1+2.1658e-33i,1-1.5829e-33i,1-8.6374e-33i,1-1.3166e-34i,1+3.093e-32i,1-5.2537e-33i,1-2.5142e-32i,1-3.1036e-32i,1-8.0579e-34i,1+2.5901e-32i,1+2.3493e-32i,1+3.8043e-33i,1+3.1791e-33i,1-8.1548e-35i,1+5.9277e-34i,1-1.3051e-33i,1+2.3498e-31i
47,3.4828e+05,1,1+4.2921e-33i,1-5.3518e-34i,1+3.7215e-30i,1-1.3686e-32i,1+8.1461e-34i,1-1.3802e-31i,1-1.4968e-35i,1-6.0107e-32i,1+1.1572e-32i,1-1.6253e-32i,1+4.0331e-35i,1+1.4444e-34i,1+2.2181e-33i,1-2.9179e-33i,1+1.5186e-33i,1+1.4791e-33i,1+2.1658e-33i,1-1.5829e-33i,1-8.6374e-33i,1-1.3166e-34i,1+3.093e-32i,1-5.2537e-33i,1-2.5142e-32i,1-3.1036e-32i,1-8.0579e-34i,1+2.5901e-32i,1+2.3493e-32i,1+3.8043e-33i,1+3.1791e-33i,1-8.1548e-35i,1+5.9277e-34i,1-1.3051e-33i,1+2.3498e-31i
67,3.4828e+05,1,1+4.2921e-33i,1-5.3518e-34i,1+3.7215e-30i,1-1.3686e-32i,1+8.1461e-34i,1-1.3802e-31i,1-1.4968e-35i,1-6.0107e-32i,1+1.1572e-32i,1-1.6253e-32i,1+4.0331e-35i,1+1.4444e-34i,1+2.2181e-33i,1-2.9179e-33i,1+1.5186e-33i,1+1.4791e-33i,1+2.1658e-33i,1-1.5829e-33i,1-8.6374e-33i,1-1.3166e-34i,1+3.093e-32i,1-5.2537e-33i,1-2.5142e-32i,1-3.1036e-32i,1-8.0579e-34i,1+2.5901e-32i,1+2.3493e-32i,1+3.8043e-33i,1+3.1791e-33i,1-8.1548e-35i,1+5.9277e-34i,1-1.3051e-33i,1+2.3498e-31i
25,3.7931e+05,1,1+4.2921e-33i,1-5.3518e-34i,1+3.7215e-30i,1-1.3686e-32i,1+8.1461e-34i,1-1.3802e-31i,1-1.4968e-35i,1-6.0107e-32i,1+1.1572e-32i,1-1.6253e-32i,1+4.0331e-35i,1+1.4444e-34i,1+2.2181e-33i,1-2.9179e-33i,1+1.5186e-33i,1+1.4791e-33i,1+2.1658e-33i,1-1.5829e-33i,1-8.6374e-33i,1-1.3166e-34i,1+3.093e-32i,1-5.2537e-33i,1-2.5142e-32i,1-3.1036e-32i,1-8.0579e-34i,1+2.5901e-32i,1+2.3493e-32i,1+3.8043e-33i,1+3.1791e-33i,1-8.1548e-35i,1+5.9277e-34i,1-1.3051e-33i,1+2.3498e-31i
47,3.7931e+05,1,1+4.2921e-33i,1-5.3518e-34i,1+3.7215e-30i,1-1.3686e-32i,1+8.1461e-34i,1-1.3802e-31i,1-1.4968e-35i,1-6.0107e-32i,1+1.1572e-32i,1-1.6253e-32i,1+4.0331e-35i,1+1.4444e-34i,1+2.2181e-33i,1-2.9179e-33i,1+1.5186e-33i,1+1.4791e-33i,1+2.1658e-33i,1-1.5829e-33i,1-8.6374e-33i,1-1.3166e-34i,1+3.093e-32i,1-5.2537e-33i,1-2.5142e-32i,1-3.1036e-32i,1-8.0579e-34i,1+2.5901e-32i,1+2.3493e-32i,1+3.8043e-33i,1+3.1791e-33i,1-8.1548e-35i,1+5.9277e-34i,1-1.3051e-33i,1+2.3498e-31i
67,3.7931e+05,1,1+4.2921e-33i,1-5.3518e-34i,1+3.7215e-30i,1-1.3686e-32i,1+8.1461e-34i,1-1.3802e-31i,1-1.4968e-35i,1-6.0107e-32i,1+1.1572e-32i,1-1.6253e-32i,1+4.0331e-35i,1+1.4444e-34i,1+2.2181e-33i,1-2.9179e-33i,1+1.5186e-33i,1+1.4791e-33i,1+2.1658e-33i,1-1.5829e-33i,1-8.6374e-33i,1-1.3166e-34i,1+3.093e-32i,1-5.2537e-33i,1-2.5142e-32i,1-3.1036e-32i,1-8.0579e-34i,1+2.5901e-32i,1+2.3493e-32i,1+3.8043e-33i,1+3.1791e-33i,1-8.1548e-35i,1+5.9277e-34i,1-1.3051e-33i,1+2.3498e-31i
25,4.1034e+05,1,1+4.2921e-33i,1-5.3518e-34i,1+3.7215e-30i,1-1.3686e-32i,1+8.1461e-34i,1-1.3802e-31i,1-1.4968e-35i,1-6.0107e-32i,1+1.1572e-32i,1-1.6253e-32i,1+4.0331e-35i,1+1.4444e-34i,1+2.2181e-33i,1-2.9179e-33i,1+1.5186e-33i,1+1.4791e-33i,1+2.1658e-33i,1-1.5829e-33i,1-8.6374e-33i,1-1.3166e-34i,1+3.093e-32i,1-5.2537e-33i,1-2.5142e-32i,1-3.1036e-32i,1-8.0579e-34i,1+2.5901e-32i,1+2.3493e-32i,1+3.8043e-33i,1+3.1791e-33i,1-8.1548e-35i,1+5.9277e-34i,1-1.3051e-33i,1+2.3498e-31i
47,4.1034e+05,1,1+4.2921e-33i,1-5.3518e-34i,1+3.7215e-30i,1-1.3686e-32i,1+8.1461e-34i,1-1.3802e-31i,1-1.4968e-35i,1-6.0107e-32i,1+1.1572e-32i,1-1.6253e-32i,1+4.0331e-35i,1+1.4444e-34i,1+2.2181e-33i,1-2.9179e-33i,1+1.5186e-33i,1+1.4791e-33i,1+2.1658e-33i,1-1.5829e-33i,1-8.6374e-33i,1-1.3166e-34i,1+3.093e-32i,1-5.2537e-33i,1-2.5142e-32i,1-3.1036e-32i,1-8.0579e-34i,1+2.5901e-32i,1+2.3493e-32i,1+3.8043e-33i,1+3.1791e-33i,1-8.1548e-35i,1+5.9277e-34i,1-1.3051e-33i,1+2.3498e-31i
67,4.1034e+05,1,1+4.2921e-33i,1-5.3518e-34i,1+3.7215e-30i,1-1.3686e-32i,1+8.1461e-34i,1-1.3802e-31i,1-1.4968e-35i,1-6.0107e-32i,1+1.1572e-32i,1-1.6253e-32i,1+4.0331e-35i,1+1.4444e-34i,1+2.2181e-33i,1-2.9179e-33i,1+1.5186e-33i,1+1.4791e-33i,1+2.1658e-33i,1-1.5829e-33i,1-8.6374e-33i,1-1.3166e-34i,1+3.093e-32i,1-5.2537e-33i,1-2.5142e-32i,1-3.1036e-32i,1-8.0579e-34i,1+2.5901e-32i,1+2.3493e-32i,1+3.8043e-33i,1+3.1791e-33i,1-8.1548e-35i,1+5.9277e-34i,1-1.3051e-33i,1+2.3498e-31i
25,4.4138e+05,1,1+4.2921e-33i,1-5.3518e-34i,1+3.7215e-30i,1-1.3686e-32i,1+8.1461e-34i,1-1.3802e-31i,1-1.4968e-35i,1-6.0107e-32i,1+1.1572e-32i,1-1.6253e-32i,1+4.0331e-35i,1+1.4444e-34i,1+2.2181e-33i,1-2.9179e-33i,1+1.5186e-33i,1+1.4791e-33i,1+2.1658e-33i,1-1.5829e-33i,1-8.6374e-33i,1-1.3166e-34i,1+3.093e-32i,1-5.2537e-33i,1-2.5142e-32i,1-3.1036e-32i,1-8.0579e-34i,1+2.5901e-32i,1+2.3493e-32i,1+3.8043e-33i,1+3.1791e-33i,1-8.1548e-35i,1+5.9277e-34i,1-1.3051e-33i,1+2.3498e-31i
47,4.4138e+05,1,1+4.2921e-33i,1-5.3518e-34i,1+3.7215e-30i,1-1.3686e-32i,1+8.1461e-34i,1-1.3802e-31i,1-1.4968e-35i,1-6.0107e-32i,1+1.1572e-32i,1-1.6253e-32i,1+4.0331e-35i,1+1.4444e-34i,1+2.2181e-33i,1-2.9179e-33i,1+1.5186e-33i,1+1.4791e-33i,1+2.1658e-33i,1-1.5829e-33i,1-8.6374e-33i,1-1.3166e-34i,1+3.093e-32i,1-5.2537e-33i,1-2.5142e-32i,1-3.1036e-32i,1-8.0579e-34i,1+2.5901e-32i,1+2.3493e-32i,1+3.8043e-33i,1+3.1791e-33i,1-8.1548e-35i,1+5.9277e-34i,1-1.3051e-33i,1+2.3498e-31i
67,4.4138e+05,1,1+4.2921e-33i,1-5.3518e-34i,1+3.7215e-30i,1-1.3686e-32i,1+8.1461e-34i,1-1.3802e-31i,1-1.4968e-35i,1-6.0107e-32i,1+1.1572e-32i,1-1.6253e-32i,1+4.0331e-35i,1+1.4444e-34i,1+2.2181e-33i,1-2.9179e-33i,1+1.5186e-33i,1+1.4791e-33i,1+2.1658e-33i,1-1.5829e-33i,1-8.6374e-33i,1-1.3166e-34i,1+3.093e-32i,1-5.2537e-33i,1-2.5142e-32i,1-3.1036e-32i,1-8.0579e-34i,1+2.5901e-32i,1+2.3493e-32i,1+3.8043e-33i,1+3.1791e-33i,1-8.1548e-35i,1+5.9277e-34i,1-1.3051e-33i,1+2.3498e-31i
25,4.7241e+05,1,1+4.2921e-33i,1-5.3518e-34i,1+3.7215e-30i,1-1.3686e-32i,1+8.1461e-34i,1-1.3802e-31i,1-1.4968e-35i,1-6.0107e-32i,1+1.1572e-32i,1-1.6253e-32i,1+4.0331e-35i,1+1.4444e-34i,1+2.2181e-33i,1-2.9179e-33i,1+1.5186e-33i,1+1.4791e-33i,1+2.1658e-33i,1-1.5829e-33i,1-8.6374e-33i,1-1.3166e-34i,1+3.093e-32i,1-5.2537e-33i,1-2.5142e-32i,1-3.1036e-32i,1-8.0579e-34i,1+2.5901e-32i,1+2.3493e-32i,1+3.8043e-33i,1+3.1791e-33i,1-8.1548e-35i,1+5.9277e-34i,1-1.3051e-33i,1+2.3498e-31i
47,4.7241e+05,1,1+4.2921e-33i,1-5.3518e-34i,1+3.7215e-30i,1-1.3686e-32i,1+8.1461e-34i,1-1.3802e-31i,1-1.4968e-35i,1-6.0107e-32i,1+1.1572e-32i,1-1.6253e-32i,1+4.0331e-35i,1+1.4444e-34i,1+2.2181e-33i,1-2.9179e-33i,1+1.5186e-33i,1+1.4791e-33i,1+2.1658e-33i,1-1.5829e-33i,1-8.6374e-33i,1-1.3166e-34i,1+3.093e-32i,1-5.2537e-33i,1-2.5142e-32i,1-3.1036e-32i,1-8.0579e-34i,1+2.5901e-32i,1+2.3493e-32i,1+3.8043e-33i,1+3.1791e-33i,1-8.1548e-35i,1+5.9277e-34i,1-1.3051e-33i,1+2.3498e-31i
67,4.7241e+05,1,1+4.2921e-33i,1-5.3518e-34i,1+3.7215e-30i,1-1.3686e-32i,1+8.1461e-34i,1-1.3802e-31i,1-1.4968e-35i,1-6.0107e-32i,1+1.1572e-32i,1-1.6253e-32i,1+4.0331e-35i,1+1.4444e-34i,1+2.2181e-33i,1-2.9179e-33i,1+1.5186e-33i,1+1.4791e-33i,1+2.1658e-33i,1-1.5829e-33i,1-8.6374e-33i,1-1.3166e-34i,1+3.093e-32i,1-5.2537e-33i,1-2.5142e-32i,1-3.1036e-32i,1-8.0579e-34i,1+2.5901e-32i,1+2.3493e-32i,1+3.8043e-33i,1+3.1791e-33i,1-8.1548e-35i,1+5.9277e-34i,1-1.3051e-33i,1+2.3498e-31i
25,5.0345e+05,1,1+4.2921e-33i,1-5.3518e-34i,1+3.7215e-30i,1-1.3686e-32i,1+8.1461e-34i,1-1.3802e-31i,1-1.4968e-35i,1-6.0107e-32i,1+1.1572e-32i,1-1.6253e-32i,1+4.0331e-35i,1+1.4444e-34i,1+2.2181e-33i,1-2.9179e-33i,1+1.5186e-33i,1+1.4791e-33i,1+2.1658e-33i,1-1.5829e-33i,1-8.6374e-33i,1-1.3166e-34i,1+3.093e-32i,1-5.2537e-33i,1-2.5142e-32i,1-3.1036e-32i,1-8.0579e-34i,1+2.5901e-32i,1+2.3493e-32i,1+3.8043e-33i,1+3.1791e-33i,1-8.1548e-35i,1+5.9277e-34i,1-1.3051e-33i,1+2.3498e-31i
47,5.0345e+05,1,1+4.2921e-33i,1-5.3518e-34i,1+3.7215e-30i,1-1.3686e-32i,1+8.1461e-34i,1-1.3802e-31i,1-1.4968e-35i,1-6.0107e-32i,1+1.1572e-32i,1-1.6253e-32i,1+4.0331e-35i,1+1.4444e-34i,1+2.2181e-33i,1-2.9179e-33i,1+1.5186e-33i,1+1.4791e-33i,1+2.1658e-33i,1-1.5829e-33i,1-8.6374e-33i,1-1.3166e-34i,1+3.093e-32i,1-5.2537e-33i,1-2.5142e-32i,1-3.1036e-32i,1-8.0579e-34i,1+2.5901e-32i,1+2.3493e-32i,1+3.8043e-33i,1+3.1791e-33i,1-8.1548e-35i,1+5.9277e-34i,1-1.3051e-33i,1+2.3498e-31i
67,5.0345e+05,1,1+4.2921e-33i,1-5.3518e-34i,1+3.7215e-30i,1-1.3686e-32i,1+8.1461e-34i,1-1.3802e-31i,1-1.4968e-35i,1-6.0107e-32i,1+1.1572e-32i,1-1.6253e-32i,1+4.0331e-35i,1+1.4444e-34i,1+2.2181e-33i,1-2.9179e-33i,1+1.5186e-33i,1+1.4791e-33i,1+2.1658e-33i,1-1.5829e-33i,1-8.6374e-33i,1-1.3166e-34i,1+3.093e-32i,1-5.2537e-33i,1-2.5142e-32i,1-3.1036e-32i,1-8.0579e-34i,1+2.5901e-32i,1+2.3493e-32i,1+3.8043e-33i,1+3.1791e-33i,1-8.1548e-35i,1+5.9277e-34i,1-1.3051e-33i,1+2.3498e-31i
25,5.3448e+05,1,1+4.2921e-33i,1-5.3518e-34i,1+3.7215e-30i,1-1.3686e-32i,1+8.1461e-34i,1-1.3802e-31i,1-1.4968e-35i,1-6.0107e-32i,1+1.1572e-32i,1-1.6253e-32i,1+4.0331e-35i,1+1.4444e-34i,1+2.2181e-33i,1-2.9179e-33i,1+1.5186e-33i,1+1.4791e-33i,1+2.1658e-33i,1-1.5829e-33i,1-8.6374e-33i,1-1.3166e-34i,1+3.093e-32i,1-5.2537e-33i,1-2.5142e-32i,1-3.1036e-32i,1-8.0579e-34i,1+2.5901e-32i,1+2.3493e-32i,1+3.8043e-33i,1+3.1791e-33i,1-8.1548e-35i,1+5.9277e-34i,1-1.3051e-33i,1+2.3498e-31i
47,5.3448e+05,1,1+4.2921e-33i,1-5.3518e-34i,1+3.7215e-30i,1-1.3686e-32i,1+8.1461e-34i,1-1.3802e-31i,1-1.4968e-35i,1-6.0107e-32i,1+1.1572e-32i,1-1.6253e-32i,1+4.0331e-35i,1+1.4444e-34i,1+2.2181e-33i,1-2.9179e-33i,1+1.5186e-33i,1+1.4791e-33i,1+2.1658e-33i,1-1.5829e-33i,1-8.6374e-33i,1-1.3166e-34i,1+3.093e-32i,1-5.2537e-33i,1-2.5142e-32i,1-3.1036e-32i,1-8.0579e-34i,1+2.5901e-32i,1+2.3493e-32i,1+3.8043e-33i,1+3.1791e-33i,1-8.1548e-35i,1+5.9277e-34i,1-1.3051e-33i,1+2.3498e-31i
67,5.3448e+05,1,1+4.2921e-33i,1-5.3518e-34i,1+3.7215e-30i,1-1.3686e-32i,1+8.1461e-34i,1-1.3802e-31i,1-1.4968e-35i,1-6.0107e-32i,1+1.1572e-32i,1-1.6253e-32i,1+4.0331e-35i,1+1.4444e-34i,1+2.2181e-33i,1-2.9179e-33i,1+1.5186e-33i,1+1.4791e-33i,1+2.1658e-33i,1-1.5829e-33i,1-8.6374e-33i,1-1.3166e-34i,1+3.093e-32i,1-5.2537e-33i,1-2.5142e-32i,1-3.1036e-32i,1-8.0579e-34i,1+2.5901e-32i,1+2.3493e-32i,1+3.8043e-33i,1+3.1791e-33i,1-8.1548e-35i,1+5.9277e-34i,1-1.3051e-33i,1+2.3498e-31i
25,5.6552e+05,1,1+4.2921e-33i,1-5.3518e-34i,1+3.7215e-30i,1-1.3686e-32i,1+8.1461e-34i,1-1.3802e-31i,1-1.4968e-35i,1-6.0107e-32i,1+1.1572e-32i,1-1.6253e-32i,1+4.0331e-35i,1+1.4444e-34i,1+2.2181e-33i,1-2.9179e-33i,1+1.5186e-33i,1+1.4791e-33i,1+2.1658e-33i,1-1.5829e-33i,1-8.6374e-33i,1-1.3166e-34i,1+3.093e-32i,1-5.2537e-33i,1-2.5142e-32i,1-3.1036e-32i,1-8.0579e-34i,1+2.5901e-32i,1+2.3493e-32i,1+3.8043e-33i,1+3.1791e-33i,1-8.1548e-35i,1+5.9277e-34i,1-1.3051e-33i,1+2.3498e-31i
47,5.6552e+05,1,1+4.2921e-33i,1-5.3518e-34i,1+3.7215e-30i,1-1.3686e-32i,1+8.1461e-34i,1-1.3802e-31i,1-1.4968e-35i,1-6.0107e-32i,1+1.1572e-32i,1-1.6253e-32i,1+4.0331e-35i,1+1.4444e-34i,1+2.2181e-33i,1-2.9179e-33i,1+1.5186e-33i,1+1.4791e-33i,1+2.1658e-33i,1-1.5829e-33i,1-8.6374e-33i,1-1.3166e-34i,1+3.093e-32i,1-5.2537e-33i,1-2.5142e-32i,1-3.1036e-32i,1-8.0579e-34i,1+2.5901e-32i,1+2.3493e-32i,1+3.8043e-33i,1+3.1791e-33i,1-8.1548e-35i,1+5.9277e-34i,1-1.3051e-33i,1+2.3498e-31i
67,5.6552e+05,1,1+4.2921e-33i,1-5.3518e-34i,1+3.7215e-30i,1-1.3686e-32i,1+8.1461e-34i,1-1.3802e-31i,1-1.4968e-35i,1-6.0107e-32i,1+1.1572e-32i,1-1.6253e-32i,1+4.0331e-35i,1+1.4444e-34i,1+2.2181e-33i,1-2.9179e-33i,1+1.5186e-33i,1+1.4791e-33i,1+2.1658e-33i,1-1.5829e-33i,1-8.6374e-33i,1-1.3166e-34i,1+3.093e-32i,1-5.2537e-33i,1-2.5142e-32i,1-3.1036e-32i,1-8.0579e-34i,1+2.5901e-32i,1+2.3493e-32i,1+3.8043e-33i,1+3.1791e-33i,1-8.1548e-35i,1+5.9277e-34i,1-1.3051e-33i,1+2.3498e-31i
25,5.9655e+05,1,1+4.2921e-33i,1-5.3518e-34i,1+3.7215e-30i,1-1.3686e-32i,1+8.1461e-34i,1-1.3802e-31i,1-1.4968e-35i,1-6.0107e-32i,1+1.1572e-32i,1-1.6253e-32i,1+4.0331e-35i,1+1.4444e-34i,1+2.2181e-33i,1-2.9179e-33i,1+1.5186e-33i,1+1.4791e-33i,1+2.1658e-33i,1-1.5829e-33i,1-8.6374e-33i,1-1.3166e-34i,1+3.093e-32i,1-5.2537e-33i,1-2.5142e-32i,1-3.1036e-32i,1-8.0579e-34i,1+2.5901e-32i,1+2.3493e-32i,1+3.8043e-33i,1+3.1791e-33i,1-8.1548e-35i,1+5.9277e-34i,1-1.3051e-33i,1+2.3498e-31i
47,5.9655e+05,1,1+4.2921e-33i,1-5.3518e-34i,1+3.7215e-30i,1-1.3686e-32i,1+8.1461e-34i,1-1.3802e-31i,1-1.4968e-35i,1-6.0107e-32i,1+1.1572e-32i,1-1.6253e-32i,1+4.0331e-35i,1+1.4444e-34i,1+2.2181e-33i,1-2.9179e-33i,1+1.5186e-33i,1+1.4791e-33i,1+2.1658e-33i,1-1.5829e-33i,1-8.6374e-33i,1-1.3166e-34i,1+3.093e-32i,1-5.2537e-33i,1-2.5142e-32i,1-3.1036e-32i,1-8.0579e-34i,1+2.5901e-32i,1+2.3493e-32i,1+3.8043e-33i,1+3.1791e-33i,1-8.1548e-35i,1+5.9277e-34i,1-1.3051e-33i,1+2.3498e-31i
67,5.9655e+05,1,1+4.2921e-33i,1-5.3518e-34i,1+3.7215e-30i,1-1.3686e-32i,1+8.1461e-34i,1-1.3802e-31i,1-1.4968e-35i,1-6.0107e-32i,1+1.1572e-32i,1-1.6253e-32i,1+4.0331e-35i,1+1.4444e-34i,1+2.2181e-33i,1-2.9179e-33i,1+1.5186e-33i,1+1.4791e-33i,1+2.1658e-33i,1-1.5829e-33i,1-8.6374e-33i,1-1.3166e-34i,1+3.093e-32i,1-5.2537e-33i,1-2.5142e-32i,1-3.1036e-32i,1-8.0579e-34i,1+2.5901e-32i,1+2.3493e-32i,1+3.8043e-33i,1+3.1791e-33i,1-8.1548e-35i,1+5.9277e-34i,1-1.3051e-33i,1+2.3498e-31i
25,6.2759e+05,1,1+4.2921e-33i,1-5.3518e-34i,1+3.7215e-30i,1-1.3686e-32i,1+8.1461e-34i,1-1.3802e-31i,1-1.4968e-35i,1-6.0107e-32i,1+1.1572e-32i,1-1.6253e-32i,1+4.0331e-35i,1+1.4444e-34i,1+2.2181e-33i,1-2.9179e-33i,1+1.5186e-33i,1+1.4791e-33i,1+2.1658e-33i,1-1.5829e-33i,1-8.6374e-33i,1-1.3166e-34i,1+3.093e-32i,1-5.2537e-33i,1-2.5142e-32i,1-3.1036e-32i,1-8.0579e-34i,1+2.5901e-32i,1+2.3493e-32i,1+3.8043e-33i,1+3.1791e-33i,1-8.1548e-35i,1+5.9277e-34i,1-1.3051e-33i,1+2.3498e-31i
47,6.2759e+05,1,1+4.2921e-33i,1-5.3518e-34i,1+3.7215e-30i,1-1.3686e-32i,1+8.1461e-34i,1-1.3802e-31i,1-1.4968e-35i,1-6.0107e-32i,1+1.1572e-32i,1-1.6253e-32i,1+4.0331e-35i,1+1.4444e-34i,1+2.2181e-33i,1-2.9179e-33i,1+1.5186e-33i,1+1.4791e-33i,1+2.1658e-33i,1-1.5829e-33i,1-8.6374e-33i,1-1.3166e-34i,1+3.093e-32i,1-5.2537e-33i,1-2.5142e-32i,1-3.1036e-32i,1-8.0579e-34i,1+2.5901e-32i,1+2.3493e-32i,1+3.8043e-33i,1+3.1791e-33i,1-8.1548e-35i,1+5.9277e-34i,1-1.3051e-33i,1+2.3498e-31i
67,6.2759e+05,1,1+4.2921e-33i,1-5.3518e-34i,1+3.7215e-30i,1-1.3686e-32i,1+8.1461e-34i,1-1.3802e-31i,1-1.4968e-35i,1-6.0107e-32i,1+1.1572e-32i,1-1.6253e-32i,1+4.0331e-35i,1+1.4444e-34i,1+2.2181e-33i,1-2.9179e-33i,1+1.5186e-33i,1+1.4791e-33i,1+2.1658e-33i,1-1.5829e-33i,1-8.6374e-33i,1-1.3166e-34i,1+3.093e-32i,1-5.2537e-33i,1-2.5142e-32i,1-3.1036e-32i,1-8.0579e-34i,1+2.5901e-32i,1+2.3493e-32i,1+3.8043e-33i,1+3.1791e-33i,1-8.1548e-35i,1+5.9277e-34i,1-1.3051e-33i,1+2.3498e-31i
25,6.5862e+05,1,1+4.2921e-33i,1-5.3518e-34i,1+3.7215e-30i,1-1.3686e-32i,1+8.1461e-34i,1-1.3802e-31i,1-1.4968e-35i,1-6.0107e-32i,1+1.1572e-32i,1-1.6253e-32i,1+4.0331e-35i,1+1.4444e-34i,1+2.2181e-33i,1-2.9179e-33i,1+1.5186e-33i,1+1.4791e-33i,1+2.1658e-33i,1-1.5829e-33i,1-8.6374e-33i,1-1.3166e-34i,1+3.093e-32i,1-5.2537e-33i,1-2.5142e-32i,1-3.1036e-32i,1-8.0579e-34i,1+2.5901e-32i,1+2.3493e-32i,1+3.8043e-33i,1+3.1791e-33i,1-8.1548e-35i,1+5.9277e-34i,1-1.3051e-33i,1+2.3498e-31i
47,6.5862e+05,1,1+4.2921e-33i,1-5.3518e-34i,1+3.7215e-30i,1-1.3686e-32i,1+8.1461e-34i,1-1.3802e-31i,1-1.4968e-35i,1-6.0107e-32i,1+1.1572e-32i,1-1.6253e-32i,1+4.0331e-35i,1+1.4444e-34i,1+2.2181e-33i,1-2.9179e-33i,1+1.5186e-33i,1+1.4791e-33i,1+2.1658e-33i,1-1.5829e-33i,1-8.6374e-33i,1-1.3166e-34i,1+3.093e-32i,1-5.2537e-33i,1-2.5142e-32i,1-3.1036e-32i,1-8.0579e-34i,1+2.5901e-32i,1+2.3493e-32i,1+3.8043e-33i,1+3.1791e-33i,1-8.1548e-35i,1+5.9277e-34i,1-1.3051e-33i,1+2.3498e-31i
67,6.5862e+05,1,1+4.2921e-33i,1-5.3518e-34i,1+3.7215e-30i,1-1.3686e-32i,1+8.1461e-34i,1-1.3802e-31i,1-1.4968e-35i,1-6.0107e-32i,1+1.1572e-32i,1-1.6253e-32i,1+4.0331e-35i,1+1.4444e-34i,1+2.2181e-33i,1-2.9179e-33i,1+1.5186e-33i,1+1.4791e-33i,1+2.1658e-33i,1-1.5829e-33i,1-8.6374e-33i,1-1.3166e-34i,1+3.093e-32i,1-5.2537e-33i,1-2.5142e-32i,1-3.1036e-32i,1-8.0579e-34i,1+2.5901e-32i,1+2.3493e-32i,1+3.8043e-33i,1+3.1791e-33i,1-8.1548e-35i,1+5.9277e-34i,1-1.3051e-33i,1+2.3498e-31i
25,6.8966e+05,1,1+4.2921e-33i,1-5.3518e-34i,1+3.7215e-30i,1-1.3686e-32i,1+8.1461e-34i,1-1.3802e-31i,1-1.4968e-35i,1-6.0107e-32i,1+1.1572e-32i,1-1.6253e-32i,1+4.0331e-35i,1+1.4444e-34i,1+2.2181e-33i,1-2.9179e-33i,1+1.5186e-33i,1+1.4791e-33i,1+2.1658e-33i,1-1.5829e-33i,1-8.6374e-33i,1-1.3166e-34i,1+3.093e-32i,1-5.2537e-33i,1-2.5142e-32i,1-3.1036e-32i,1-8.0579e-34i,1+2.5901e-32i,1+2.3493e-32i,1+3.8043e-33i,1+3.1791e-33i,1-8.1548e-35i,1+5.9277e-34i,1-1.3051e-33i,1+2.3498e-31i
47,6.8966e+05,1,1+4.2921e-33i,1-5.3518e-34i,1+3.7215e-30i,1-1.3686e-32i,1+8.1461e-34i,1-1.3802e-31i,1-1.4968e-35i,1-6.0107e-32i,1+1.1572e-32i,1-1.6253e-32i,1+4.0331e-35i,1+1.4444e-34i,1+2.2181e-33i,1-2.9179e-33i,1+1.5186e-33i,1+1.4791e-33i,1+2.1658e-33i,1-1.5829e-33i,1-8.6374e-33i,1-1.3166e-34i,1+3.093e-32i,1-5.2537e-33i,1-2.5142e-32i,1-3.1036e-32i,1-8.0579e-34i,1+2.5901e-32i,1+2.3493e-32i,1+3.8043e-33i,1+3.1791e-33i,1-8.1548e-35i,1+5.9277e-34i,1-1.3051e-33i,1+2.3498e-31i
67,6.8966e+05,1,1+4.2921e-33i,1-5.3518e-34i,1+3.7215e-30i,1-1.3686e-32i,1+8.1461e-34i,1-1.3802e-31i,1-1.4968e-35i,1-6.0107e-32i,1+1.1572e-32i,1-1.6253e-32i,1+4.0331e-35i,1+1.4444e-34i,1+2.2181e-33i,1-2.9179e-33i,1+1.5186e-33i,1+1.4791e-33i,1+2.1658e-33i,1-1.5829e-33i,1-8.6374e-33i,1-1.3166e-34i,1+3.093e-32i,1-5.2537e-33i,1-2.5142e-32i,1-3.1036e-32i,1-8.0579e-34i,1+2.5901e-32i,1+2.3493e-32i,1+3.8043e-33i,1+3.1791e-33i,1-8.1548e-35i,1+5.9277e-34i,1-1.3051e-33i,1+2.3498e-31i
25,7.2069e+05,1,1+4.2921e-33i,1-5.3518e-34i,1+3.7215e-30i,1-1.3686e-32i,1+8.1461e-34i,1-1.3802e-31i,1-1.4968e-35i,1-6.0107e-32i,1+1.1572e-32i,1-1.6253e-32i,1+4.0331e-35i,1+1.4444e-34i,1+2.2181e-33i,1-2.9179e-33i,1+1.5186e-33i,1+1.4791e-33i,1+2.1658e-33i,1-1.5829e-33i,1-8.6374e-33i,1-1.3166e-34i,1+3.093e-32i,1-5.2537e-33i,1-2.5142e-32i,1-3.1036e-32i,1-8.0579e-34i,1+2.5901e-32i,1+2.3493e-32i,1+3.8043e-33i,1+3.1791e-33i,1-8.1548e-35i,1+5.9277e-34i,1-1.3051e-33i,1+2.3498e-31i
47,7.2069e+05,1,1+4.2921e-33i,1-5.3518e-34i,1+3.7215e-30i,1-1.3686e-32i,1+8.1461e-34i,1-1.3802e-31i,1-1.4968e-35i,1-6.0107e-32i,1+1.1572e-32i,1-1.6253e-32i,1+4.0331e-35i,1+1.4444e-34i,1+2.2181e-33i,1-2.9179e-33i,1+1.5186e-33i,1+1.4791e-33i,1+2.1658e-33i,1-1.5829e-33i,1-8.6374e-33i,1-1.3166e-34i,1+3.093e-32i,1-5.2537e-33i,1-2.5142e-32i,1-3.1036e-32i,1-8.0579e-34i,1+2.5901e-32i,1+2.3493e-32i,1+3.8043e-33i,1+3.1791e-33i,1-8.1548e-35i,1+5.9277e-34i,1-1.3051e-33i,1+2.3498e-31i
67,7.2069e+05,1,1+4.2921e-33i,1-5.3518e-34i,1+3.7215e-30i,1-1.3686e-32i,1+8.1461e-34i,1-1.3802e-31i,1-1.4968e-35i,1-6.0107e-32i,1+1.1572e-32i,1-1.6253e-32i,1+4.0331e-35i,1+1.4444e-34i,1+2.2181e-33i,1-2.9179e-33i,1+1.5186e-33i,1+1.4791e-33i,1+2.1658e-33i,1-1.5829e-33i,1-8.6374e-33i,1-1.3166e-34i,1+3.093e-32i,1-5.2537e-33i,1-2.5142e-32i,1-3.1036e-32i,1-8.0579e-34i,1+2.5901e-32i,1+2.3493e-32i,1+3.8043e-33i,1+3.1791e-33i,1-8.1548e-35i,1+5.9277e-34i,1-1.3051e-33i,1+2.3498e-31i
25,7.5172e+05,1,1+4.2921e-33i,1-5.3518e-34i,1+3.7215e-30i,1-1.3686e-32i,1+8.1461e-34i,1-1.3802e-31i,1-1.4968e-35i,1-6.0107e-32i,1+1.1572e-32i,1-1.6253e-32i,1+4.0331e-35i,1+1.4444e-34i,1+2.2181e-33i,1-2.9179e-33i,1+1.5186e-33i,1+1.4791e-33i,1+2.1658e-33i,1-1.5829e-33i,1-8.6374e-33i,1-1.3166e-34i,1+3.093e-32i,1-5.2537e-33i,1-2.5142e-32i,1-3.1036e-32i,1-8.0579e-34i,1+2.5901e-32i,1+2.3493e-32i,1+3.8043e-33i,1+3.1791e-33i,1-8.1548e-35i,1+5.9277e-34i,1-1.3051e-33i,1+2.3498e-31i
47,7.5172e+05,1,1+4.2921e-33i,1-5.3518e-34i,1+3.7215e-30i,1-1.3686e-32i,1+8.1461e-34i,1-1.3802e-31i,1-1.4968e-35i,1-6.0107e-32i,1+1.1572e-32i,1-1.6253e-32i,1+4.0331e-35i,1+1.4444e-34i,1+2.2181e-33i,1-2.9179e-33i,1+1.5186e-33i,1+1.4791e-33i,1+2.1658e-33i,1-1.5829e-33i,1-8.6374e-33i,1-1.3166e-34i,1+3.093e-32i,1-5.2537e-33i,1-2.5142e-32i,1-3.1036e-32i,1-8.0579e-34i,1+2.5901e-32i,1+2.3493e-32i,1+3.8043e-33i,1+3.1791e-33i,1-8.1548e-35i,1+5.9277e-34i,1-1.3051e-33i,1+2.3498e-31i
67,7.5172e+05,1,1+4.2921e-33i,1-5.3518e-34i,1+3.7215e-30i,1-1.3686e-32i,1+8.1461e-34i,1-1.3802e-31i,1-1.4968e-35i,1-6.0107e-32i,1+1.1572e-32i,1-1.6253e-32i,1+4.0331e-35i,1+1.4444e-34i,1+2.2181e-33i,1-2.9179e-33i,1+1.5186e-33i,1+1.4791e-33i,1+2.1658e-33i,1-1.5829e-33i,1-8.6374e-33i,1-1.3166e-34i,1+3.093e-32i,1-5.2537e-33i,1-2.5142e-32i,1-3.1036e-32i,1-8.0579e-34i,1+2.5901e-32i,1+2.3493e-32i,1+3.8043e-33i,1+3.1791e-33i,1-8.1548e-35i,1+5.9277e-34i,1-1.3051e-33i,1+2.3498e-31i
25,7.8276e+05,1,1+4.2921e-33i,1-5.3518e-34i,1+3.7215e-30i,1-1.3686e-32i,1+8.1461e-34i,1-1.3802e-31i,1-1.4968e-35i,1-6.0107e-32i,1+1.1572e-32i,1-1.6253e-32i,1+4.0331e-35i,1+1.4444e-34i,1+2.2181e-33i,1-2.9179e-33i,1+1.5186e-33i,1+1.4791e-33i,1+2.1658e-33i,1-1.5829e-33i,1-8.6374e-33i,1-1.3166e-34i,1+3.093e-32i,1-5.2537e-33i,1-2.5142e-32i,1-3.1036e-32i,1-8.0579e-34i,1+2.5901e-32i,1+2.3493e-32i,1+3.8043e-33i,1+3.1791e-33i,1-8.1548e-35i,1+5.9277e-34i,1-1.3051e-33i,1+2.3498e-31i
47,7.8276e+05,1,1+4.2921e-33i,1-5.3518e-34i,1+3.7215e-30i,1-1.3686e-32i,1+8.1461e-34i,1-1.3802e-31i,1-1.4968e-35i,1-6.0107e-32i,1+1.1572e-32i,1-1.6253e-32i,1+4.0331e-35i,1+1.4444e-34i,1+2.2181e-33i,1-2.9179e-33i,1+1.5186e-33i,1+1.4791e-33i,1+2.1658e-33i,1-1.5829e-33i,1-8.6374e-33i,1-1.3166e-34i,1+3.093e-32i,1-5.2537e-33i,1-2.5142e-32i,1-3.1036e-32i,1-8.0579e-34i,1+2.5901e-32i,1+2.3493e-32i,1+3.8043e-33i,1+3.1791e-33i,1-8.1548e-35i,1+5.9277e-34i,1-1.3051e-33i,1+2.3498e-31i
67,7.8276e+05,1,1+4.2921e-33i,1-5.3518e-34i,1+3.7215e-30i,1-1.3686e-32i,1+8.1461e-34i,1-1.3802e-31i,1-1.4968e-35i,1-6.0107e-32i,1+1.1572e-32i,1-1.6253e-32i,1+4.0331e-35i,1+1.4444e-34i,1+2.2181e-33i,1-2.9179e-33i,1+1.5186e-33i,1+1.4791e-33i,1+2.1658e-33i,1-1.5829e-33i,1-8.6374e-33i,1-1.3166e-34i,1+3.093e-32i,1-5.2537e-33i,1-2.5142e-32i,1-3.1036e-32i,1-8.0579e-34i,1+2.5901e-32i,1+2.3493e-32i,1+3.8043e-33i,1+3.1791e-33i,1-8.1548e-35i,1+5.9277e-34i,1-1.3051e-33i,1+2.3498e-31i
25,8.1379e+05,1,1+4.2921e-33i,1-5.3518e-34i,1+3.7215e-30i,1-1.3686e-32i,1+8.1461e-34i,1-1.3802e-31i,1-1.4968e-35i,1-6.0107e-32i,1+1.1572e-32i,1-1.6253e-32i,1+4.0331e-35i,1+1.4444e-34i,1+2.2181e-33i,1-2.9179e-33i,1+1.5186e-33i,1+1.4791e-33i,1+2.1658e-33i,1-1.5829e-33i,1-8.6374e-33i,1-1.3166e-34i,1+3.093e-32i,1-5.2537e-33i,1-2.5142e-32i,1-3.1036e-32i,1-8.0579e-34i,1+2.5901e-32i,1+2.3493e-32i,1+3.8043e-33i,1+3.1791e-33i,1-8.1548e-35i,1+5.9277e-34i,1-1.3051e-33i,1+2.3498e-31i
47,8.1379e+05,1,1+4.2921e-33i,1-5.3518e-34i,1+3.7215e-30i,1-1.3686e-32i,1+8.1461e-34i,1-1.3802e-31i,1-1.4968e-35i,1-6.0107e-32i,1+1.1572e-32i,1-1.6253e-32i,1+4.0331e-35i,1+1.4444e-34i,1+2.2181e-33i,1-2.9179e-33i,1+1.5186e-33i,1+1.4791e-33i,1+2.1658e-33i,1-1.5829e-33i,1-8.6374e-33i,1-1.3166e-34i,1+3.093e-32i,1-5.2537e-33i,1-2.5142e-32i,1-3.1036e-32i,1-8.0579e-34i,1+2.5901e-32i,1+2.3493e-32i,1+3.8043e-33i,1+3.1791e-33i,1-8.1548e-35i,1+5.9277e-34i,1-1.3051e-33i,1+2.3498e-31i
67,8.1379e+05,1,1+4.2921e-33i,1-5.3518e-34i,1+3.7215e-30i,1-1.3686e-32i,1+8.1461e-34i,1-1.3802e-31i,1-1.4968e-35i,1-6.0107e-32i,1+1.1572e-32i,1-1.6253e-32i,1+4.0331e-35i,1+1.4444e-34i,1+2.2181e-33i,1-2.9179e-33i,1+1.5186e-33i,1+1.4791e-33i,1+2.1658e-33i,1-1.5829e-33i,1-8.6374e-33i,1-1.3166e-34i,1+3.093e-32i,1-5.2537e-33i,1-2.5142e-32i,1-3.1036e-32i,1-8.0579e-34i,1+2.5901e-32i,1+2.3493e-32i,1+3.8043e-33i,1+3.1791e-33i,1-8.1548e-35i,1+5.9277e-34i,1-1.3051e-33i,1+2.3498e-31i
25,8.4483e+05,1,1+4.2921e-33i,1-5.3518e-34i,1+3.7215e-30i,1-1.3686e-32i,1+8.1461e-34i,1-1.3802e-31i,1-1.4968e-35i,1-6.0107e-32i,1+1.1572e-32i,1-1.6253e-32i,1+4.0331e-35i,1+1.4444e-34i,1+2.2181e-33i,1-2.9179e-33i,1+1.5186e-33i,1+1.4791e-33i,1+2.1658e-33i,1-1.5829e-33i,1-8.6374e-33i,1-1.3166e-34i,1+3.093e-32i,1-5.2537e-33i,1-2.5142e-32i,1-3.1036e-32i,1-8.0579e-34i,1+2.5901e-32i,1+2.3493e-32i,1+3.8043e-33i,1+3.1791e-33i,1-8.1548e-35i,1+5.9277e-34i,1-1.3051e-33i,1+2.3498e-31i
47,8.4483e+05,1,1+4.2921e-33i,1-5.3518e-34i,1+3.7215e-30i,1-1.3686e-32i,1+8.1461e-34i,1-1.3802e-31i,1-1.4968e-35i,1-6.0107e-32i,1+1.1572e-32i,1-1.6253e-32i,1+4.0331e-35i,1+1.4444e-34i,1+2.2181e-33i,1-2.9179e-33i,1+1.5186e-33i,1+1.4791e-33i,1+2.1658e-33i,1-1.5829e-33i,1-8.6374e-33i,1-1.3166e-34i,1+3.093e-32i,1-5.2537e-33i,1-2.5142e-32i,1-3.1036e-32i,1-8.0579e-34i,1+2.5901e-32i,1+2.3493e-32i,1+3.8043e-33i,1+3.1791e-33i,1-8.1548e-35i,1+5.9277e-34i,1-1.3051e-33i,1+2.3498e-31i
67,8.4483e+05,1,1+4.2921e-33i,1-5.3518e-34i,1+3.7215e-30i,1-1.3686e-32i,1+8.1461e-34i,1-1.3802e-31i,1-1.4968e-35i,1-6.0107e-32i,1+1.1572e-32i,1-1.6253e-32i,1+4.0331e-35i,1+1.4444e-34i,1+2.2181e-33i,1-2.9179e-33i,1+1.5186e-33i,1+1.4791e-33i,1+2.1658e-33i,1-1.5829e-33i,1-8.6374e-33i,1-1.3166e-34i,1+3.093e-32i,1-5.2537e-33i,1-2.5142e-32i,1-3.1036e-32i,1-8.0579e-34i,1+2.5901e-32i,1+2.3493e-32i,1+3.8043e-33i,1+3.1791e-33i,1-8.1548e-35i,1+5.9277e-34i,1-1.3051e-33i,1+2.3498e-31i
25,8.7586e+05,1,1+4.2921e-33i,1-5.3518e-34i,1+3.7215e-30i,1-1.3686e-32i,1+8.1461e-34i,1-1.3802e-31i,1-1.4968e-35i,1-6.0107e-32i,1+1.1572e-32i,1-1.6253e-32i,1+4.0331e-35i,1+1.4444e-34i,1+2.2181e-33i,1-2.9179e-33i,1+1.5186e-33i,1+1.4791e-33i,1+2.1658e-33i,1-1.5829e-33i,1-8.6374e-33i,1-1.3166e-34i,1+3.093e-32i,1-5.2537e-33i,1-2.5142e-32i,1-3.1036e-32i,1-8.0579e-34i,1+2.5901e-32i,1+2.3493e-32i,1+3.8043e-33i,1+3.1791e-33i,1-8.1548e-35i,1+5.9277e-34i,1-1.3051e-33i,1+2.3498e-31i
47,8.7586e+05,1,1+4.2921e-33i,1-5.3518e-34i,1+3.7215e-30i,1-1.3686e-32i,1+8.1461e-34i,1-1.3802e-31i,1-1.4968e-35i,1-6.0107e-32i,1+1.1572e-32i,1-1.6253e-32i,1+4.0331e-35i,1+1.4444e-34i,1+2.2181e-33i,1-2.9179e-33i,1+1.5186e-33i,1+1.4791e-33i,1+2.1658e-33i,1-1.5829e-33i,1-8.6374e-33i,1-1.3166e-34i,1+3.093e-32i,1-5.2537e-33i,1-2.5142e-32i,1-3.1036e-32i,1-8.0579e-34i,1+2.5901e-32i,1+2.3493e-32i,1+3.8043e-33i,1+3.1791e-33i,1-8.1548e-35i,1+5.9277e-34i,1-1.3051e-33i,1+2.3498e-31i
67,8.7586e+05,1,1+4.2921e-33i,1-5.3518e-34i,1+3.7215e-30i,1-1.3686e-32i,1+8.1461e-34i,1-1.3802e-31i,1-1.4968e-35i,1-6.0107e-32i,1+1.1572e-32i,1-1.6253e-32i,1+4.0331e-35i,1+1.4444e-34i,1+2.2181e-33i,1-2.9179e-33i,1+1.5186e-33i,1+1.4791e-33i,1+2.1658e-33i,1-1.5829e-33i,1-8.6374e-33i,1-1.3166e-34i,1+3.093e-32i,1-5.2537e-33i,1-2.5142e-32i,1-3.1036e-32i,1-8.0579e-34i,1+2.5901e-32i,1+2.3493e-32i,1+3.8043e-33i,1+3.1791e-33i,1-8.1548e-35i,1+5.9277e-34i,1-1.3051e-33i,1+2.3498e-31i
25,9.069e+05,1,1+4.2921e-33i,1-5.3518e-34i,1+3.7215e-30i,1-1.3686e-32i,1+8.1461e-34i,1-1.3802e-31i,1-1.4968e-35i,1-6.0107e-32i,1+1.1572e-32i,1-1.6253e-32i,1+4.0331e-35i,1+1.4444e-34i,1+2.2181e-33i,1-2.9179e-33i,1+1.5186e-33i,1+1.4791e-33i,1+2.1658e-33i,1-1.5829e-33i,1-8.6374e-33i,1-1.3166e-34i,1+3.093e-32i,1-5.2537e-33i,1-2.5142e-32i,1-3.1036e-32i,1-8.0579e-34i,1+2.5901e-32i,1+2.3493e-32i,1+3.8043e-33i,1+3.1791e-33i,1-8.1548e-35i,1+5.9277e-34i,1-1.3051e-33i,1+2.3498e-31i
47,9.069e+05,1,1+4.2921e-33i,1-5.3518e-34i,1+3.7215e-30i,1-1.3686e-32i,1+8.1461e-34i,1-1.3802e-31i,1-1.4968e-35i,1-6.0107e-32i,1+1.1572e-32i,1-1.6253e-32i,1+4.0331e-35i,1+1.4444e-34i,1+2.2181e-33i,1-2.9179e-33i,1+1.5186e-33i,1+1.4791e-33i,1+2.1658e-33i,1-1.5829e-33i,1-8.6374e-33i,1-1.3166e-34i,1+3.093e-32i,1-5.2537e-33i,1-2.5142e-32i,1-3.1036e-32i,1-8.0579e-34i,1+2.5901e-32i,1+2.3493e-32i,1+3.8043e-33i,1+3.1791e-33i,1-8.1548e-35i,1+5.9277e-34i,1-1.3051e-33i,1+2.3498e-31i
67,9.069e+05,1,1+4.2921e-33i,1-5.3518e-34i,1+3.7215e-30i,1-1.3686e-32i,1+8.1461e-34i,1-1.3802e-31i,1-1.4968e-35i,1-6.0107e-32i,1+1.1572e-32i,1-1.6253e-32i,1+4.0331e-35i,1+1.4444e-34i,1+2.2181e-33i,1-2.9179e-33i,1+1.5186e-33i,1+1.4791e-33i,1+2.1658e-33i,1-1.5829e-33i,1-8.6374e-33i,1-1.3166e-34i,1+3.093e-32i,1-5.2537e-33i,1-2.5142e-32i,1-3.1036e-32i,1-8.0579e-34i,1+2.5901e-32i,1+2.3493e-32i,1+3.8043e-33i,1+3.1791e-33i,1-8.1548e-35i,1+5.9277e-34i,1-1.3051e-33i,1+2.3498e-31i
25,9.3793e+05,1,1+4.2921e-33i,1-5.3518e-34i,1+3.7215e-30i,1-1.3686e-32i,1+8.1461e-34i,1-1.3802e-31i,1-1.4968e-35i,1-6.0107e-32i,1+1.1572e-32i,1-1.6253e-32i,1+4.0331e-35i,1+1.4444e-34i,1+2.2181e-33i,1-2.9179e-33i,1+1.5186e-33i,1+1.4791e-33i,1+2.1658e-33i,1-1.5829e-33i,1-8.6374e-33i,1-1.3166e-34i,1+3.093e-32i,1-5.2537e-33i,1-2.5142e-32i,1-3.1036e-32i,1-8.0579e-34i,1+2.5901e-32i,1+2.3493e-32i,1+3.8043e-33i,1+3.1791e-33i,1-8.1548e-35i,1+5.9277e-34i,1-1.3051e-33i,1+2.3498e-31i
47,9.3793e+05,1,1+4.2921e-33i,1-5.3518e-34i,1+3.7215e-30i,1-1.3686e-32i,1+8.1461e-34i,1-1.3802e-31i,1-1.4968e-35i,1-6.0107e-32i,1+1.1572e-32i,1-1.6253e-32i,1+4.0331e-35i,1+1.4444e-34i,1+2.2181e-33i,1-2.9179e-33i,1+1.5186e-33i,1+1.4791e-33i,1+2.1658e-33i,1-1.5829e-33i,1-8.6374e-33i,1-1.3166e-34i,1+3.093e-32i,1-5.2537e-33i,1-2.5142e-32i,1-3.1036e-32i,1-8.0579e-34i,1+2.5901e-32i,1+2.3493e-32i,1+3.8043e-33i,1+3.1791e-33i,1-8.1548e-35i,1+5.9277e-34i,1-1.3051e-33i,1+2.3498e-31i
67,9.3793e+05,1,1+4.2921e-33i,1-5.3518e-34i,1+3.7215e-30i,1-1.3686e-32i,1+8.1461e-34i,1-1.3802e-31i,1-1.4968e-35i,1-6.0107e-32i,1+1.1572e-32i,1-1.6253e-32i,1+4.0331e-35i,1+1.4444e-34i,1+2.2181e-33i,1-2.9179e-33i,1+1.5186e-33i,1+1.4791e-33i,1+2.1658e-33i,1-1.5829e-33i,1-8.6374e-33i,1-1.3166e-34i,1+3.093e-32i,1-5.2537e-33i,1-2.5142e-32i,1-3.1036e-32i,1-8.0579e-34i,1+2.5901e-32i,1+2.3493e-32i,1+3.8043e-33i,1+3.1791e-33i,1-8.1548e-35i,1+5.9277e-34i,1-1.3051e-33i,1+2.3498e-31i
25,9.6897e+05,1,1+4.2921e-33i,1-5.3518e-34i,1+3.7215e-30i,1-1.3686e-32i,1+8.1461e-34i,1-1.3802e-31i,1-1.4968e-35i,1-6.0107e-32i,1+1.1572e-32i,1-1.6253e-32i,1+4.0331e-35i,1+1.4444e-34i,1+2.2181e-33i,1-2.9179e-33i,1+1.5186e-33i,1+1.4791e-33i,1+2.1658e-33i,1-1.5829e-33i,1-8.6374e-33i,1-1.3166e-34i,1+3.093e-32i,1-5.2537e-33i,1-2.5142e-32i,1-3.1036e-32i,1-8.0579e-34i,1+2.5901e-32i,1+2.3493e-32i,1+3.8043e-33i,1+3.1791e-33i,1-8.1548e-35i,1+5.9277e-34i,1-1.3051e-33i,1+2.3498e-31i
47,9.6897e+05,1,1+4.2921e-33i,1-5.3518e-34i,1+3.7215e-30i,1-1.3686e-32i,1+8.1461e-34i,1-1.3802e-31i,1-1.4968e-35i,1-6.0107e-32i,1+1.1572e-32i,1-1.6253e-32i,1+4.0331e-35i,1+1.4444e-34i,1+2.2181e-33i,1-2.9179e-33i,1+1.5186e-33i,1+1.4791e-33i,1+2.1658e-33i,1-1.5829e-33i,1-8.6374e-33i,1-1.3166e-34i,1+3.093e-32i,1-5.2537e-33i,1-2.5142e-32i,1-3.1036e-32i,1-8.0579e-34i,1+2.5901e-32i,1+2.3493e-32i,1+3.8043e-33i,1+3.1791e-33i,1-8.1548e-35i,1+5.9277e-34i,1-1.3051e-33i,1+2.3498e-31i
67,9.6897e+05,1,1+4.2921e-33i,1-5.3518e-34i,1+3.7215e-30i,1-1.3686e-32i,1+8.1461e-34i,1-1.3802e-31i,1-1.4968e-35i,1-6.0107e-32i,1+1.1572e-32i,1-1.6253e-32i,1+4.0331e-35i,1+1.4444e-34i,1+2.2181e-33i,1-2.9179e-33i,1+1.5186e-33i,1+1.4791e-33i,1+2.1658e-33i,1-1.5829e-33i,1-8.6374e-33i,1-1.3166e-34i,1+3.093e-32i,1-5.2537e-33i,1-2.5142e-32i,1-3.1036e-32i,1-8.0579e-34i,1+2.5901e-32i,1+2.3493e-32i,1+3.8043e-33i,1+3.1791e-33i,1-8.1548e-35i,1+5.9277e-34i,1-1.3051e-33i,1+2.3498e-31i
25,1e+06,1,1+4.2921e-33i,1-5.3518e-34i,1+3.7215e-30i,1-1.3686e-32i,1+8.1461e-34i,1-1.3802e-31i,1-1.4968e-35i,1-6.0107e-32i,1+1.1572e-32i,1-1.6253e-32i,1+4.0331e-35i,1+1.4444e-34i,1+2.2181e-33i,1-2.9179e-33i,1+1.5186e-33i,1+1.4791e-33i,1+2.1658e-33i,1-1.5829e-33i,1-8.6374e-33i,1-1.3166e-34i,1+3.093e-32i,1-5.2537e-33i,1-2.5142e-32i,1-3.1036e-32i,1-8.0579e-34i,1+2.5901e-32i,1+2.3493e-32i,1+3.8043e-33i,1+3.1791e-33i,1-8.1548e-35i,1+5.9277e-34i,1-1.3051e-33i,1+2.3498e-31i
47,1e+06,1,1+4.2921e-33i,1-5.3518e-34i,1+3.7215e-30i,1-1.3686e-32i,1+8.1461e-34i,1-1.3802e-31i,1-1.4968e-35i,1-6.0107e-32i,1+1.1572e-32i,1-1.6253e-32i,1+4.0331e-35i,1+1.4444e-34i,1+2.2181e-33i,1-2.9179e-33i,1+1.5186e-33i,1+1.4791e-33i,1+2.1658e-33i,1-1.5829e-33i,1-8.6374e-33i,1-1.3166e-34i,1+3.093e-32i,1-5.2537e-33i,1-2.5142e-32i,1-3.1036e-32i,1-8.0579e-34i,1+2.5901e-32i,1+2.3493e-32i,1+3.8043e-33i,1+3.1791e-33i,1-8.1548e-35i,1+5.9277e-34i,1-1.3051e-33i,1+2.3498e-31i
67,1e+06,1,1+4.2921e-33i,1-5.3518e-34i,1+3.7215e-30i,1-1.3686e-32i,1+8.1461e-34i,1-1.3802e-31i,1-1.4968e-35i,1-6.0107e-32i,1+1.1572e-32i,1-1.6253e-32i,1+4.0331e-35i,1+1.4444e-34i,1+2.2181e-33i,1-2.9179e-33i,1+1.5186e-33i,1+1.4791e-33i,1+2.1658e-33i,1-1.5829e-33i,1-8.6374e-33i,1-1.3166e-34i,1+3.093e-32i,1-5.2537e-33i,1-2.5142e-32i,1-3.1036e-32i,1-8.0579e-34i,1+2.5901e-32i,1+2.3493e-32i,1+3.8043e-33i,1+3.1791e-33i,1-8.1548e-35i,1+5.9277e-34i,1-1.3051e-33i,1+2.3498e-31i
