25,0.5,1,1+4.2921e-33i,1-5.3518e-34i,1+3.7215e-30i,1-1.3686e-32i,1+8.1461e-34i,1-1.3802e-31i,1-1.4968e-35i,1-6.0107e-32i,1+1.1572e-32i,1-1.6253e-32i,1+4.0331e-35i,1+1.4444e-34i,1+2.2181e-33i,1-2.9179e-33i,1+1.5186e-33i,1+1.4791e-33i,1+2.1658e-33i,1-1.5829e-33i,1-8.6374e-33i,1-1.3166e-34i,1+3.093e-32i,1-5.2537e-33i,1-2.5142e-32i,1-3.1036e-32i,1-8.0579e-34i,1+2.5901e-32i,1+2.3493e-32i,1+3.8043e-33i,1+3.1791e-33i,0.1462-0.17232i,0.45008+0.45862i,1-1.3051e-33i,1+2.3498e-31i
47,0.5,1,1+4.2921e-33i,1-5.3518e-34i,1+3.7215e-30i,1-1.3686e-32i,1+8.1461e-34i,1-1.3802e-31i,1-1.4968e-35i,1-6.0107e-32i,1+1.1572e-32i,1-1.6253e-32i,1+4.0331e-35i,1+1.4444e-34i,1+2.2181e-33i,1-2.9179e-33i,1+1.5186e-33i,1+1.4791e-33i,1+2.1658e-33i,1-1.5829e-33i,1-8.6374e-33i,1-1.3166e-34i,1+3.093e-32i,1-5.2537e-33i,1-2.5142e-32i,1-3.1036e-32i,1-8.0579e-34i,1+2.5901e-32i,1+2.3493e-32i,1+3.8043e-33i,1+3.1791e-33i,0.1462-0.17232i,0.45008+0.45862i,1-1.3051e-33i,1+2.3498e-31i
67,0.5,1,1+4.2921e-33i,1-5.3518e-34i,1+3.7215e-30i,1-1.3686e-32i,1+8.1461e-34i,1-1.3802e-31i,1-1.4968e-35i,1-6.0107e-32i,1+1.1572e-32i,1-1.6253e-32i,1+4.0331e-35i,1+1.4444e-34i,1+2.2181e-33i,1-2.9179e-33i,1+1.5186e-33i,1+1.4791e-33i,1+2.1658e-33i,1-1.5829e-33i,1-8.6374e-33i,1-1.3166e-34i,1+3.093e-32i,1-5.2537e-33i,1-2.5142e-32i,1-3.1036e-32i,1-8.0579e-34i,1+2.5901e-32i,1+2.3493e-32i,1+3.8043e-33i,1+3.1791e-33i,0.1462-0.17232i,0.45008+0.45862i,1-1.3051e-33i,1+2.3498e-31i
25,0.51724,1,1+4.2921e-33i,1-5.3518e-34i,1+3.7215e-30i,1-1.3686e-32i,1+8.1461e-34i,1-1.3802e-31i,1-1.4968e-35i,1-6.0107e-32i,1+1.1572e-32i,1-1.6253e-32i,1+4.0331e-35i,1+1.4444e-34i,1+2.2181e-33i,1-2.9179e-33i,1+1.5186e-33i,1+1.4791e-33i,1+2.1658e-33i,1-1.5829e-33i,1-8.6374e-33i,1-1.3166e-34i,1+3.093e-32i,1-5.2537e-33i,1-2.5142e-32i,1-3.1036e-32i,1-8.0579e-34i,1+2.5901e-32i,1+2.3493e-32i,1+3.8043e-33i,1+3.1791e-33i,0.1462-0.17232i,0.45008+0.45862i,1-1.3051e-33i,1+2.3498e-31i
47,0.51724,1,1+4.2921e-33i,1-5.3518e-34i,1+3.7215e-30i,1-1.3686e-32i,1+8.1461e-34i,1-1.3802e-31i,1-1.4968e-35i,1-6.0107e-32i,1+1.1572e-32i,1-1.6253e-32i,1+4.0331e-35i,1+1.4444e-34i,1+2.2181e-33i,1-2.9179e-33i,1+1.5186e-33i,1+1.4791e-33i,1+2.1658e-33i,1-1.5829e-33i,1-8.6374e-33i,1-1.3166e-34i,1+3.093e-32i,1-5.2537e-33i,1-2.5142e-32i,1-3.1036e-32i,1-8.0579e-34i,1+2.5901e-32i,1+2.3493e-32i,1+3.8043e-33i,1+3.1791e-33i,0.1462-0.17232i,0.45008+0.45862i,1-1.3051e-33i,1+2.3498e-31i
67,0.51724,1,1+4.2921e-33i,1-5.3518e-34i,1+3.7215e-30i,1-1.3686e-32i,1+8.1461e-34i,1-1.3802e-31i,1-1.4968e-35i,1-6.0107e-32i,1+1.1572e-32i,1-1.6253e-32i,1+4.0331e-35i,1+1.4444e-34i,1+2.2181e-33i,1-2.9179e-33i,1+1.5186e-33i,1+1.4791e-33i,1+2.1658e-33i,1-1.5829e-33i,1-8.6374e-33i,1-1.3166e-34i,1+3.093e-32i,1-5.2537e-33i,1-2.5142e-32i,1-3.1036e-32i,1-8.0579e-34i,1+2.5901e-32i,1+2.3493e-32i,1+3.8043e-33i,1+3.1791e-33i,0.1462-0.17232i,0.45008+0.45862i,1-1.3051e-33i,1+2.3498e-31i
25,0.53448,1,1+4.2921e-33i,1-5.3518e-34i,1+3.7215e-30i,1-1.3686e-32i,1+8.1461e-34i,1-1.3802e-31i,1-1.4968e-35i,1-6.0107e-32i,1+1.1572e-32i,1-1.6253e-32i,1+4.0331e-35i,1+1.4444e-34i,1+2.2181e-33i,1-2.9179e-33i,1+1.5186e-33i,1+1.4791e-33i,1+2.1658e-33i,1-1.5829e-33i,1-8.6374e-33i,1-1.3166e-34i,1+3.093e-32i,1-5.2537e-33i,1-2.5142e-32i,1-3.1036e-32i,1-8.0579e-34i,1+2.5901e-32i,1+2.3493e-32i,1+3.8043e-33i,1+3.1791e-33i,0.1462-0.17232i,0.45008+0.45862i,1-1.3051e-33i,1+2.3498e-31i
47,0.53448,1,1+4.2921e-33i,1-5.3518e-34i,1+3.7215e-30i,1-1.3686e-32i,1+8.1461e-34i,1-1.3802e-31i,1-1.4968e-35i,1-6.0107e-32i,1+1.1572e-32i,1-1.6253e-32i,1+4.0331e-35i,1+1.4444e-34i,1+2.2181e-33i,1-2.9179e-33i,1+1.5186e-33i,1+1.4791e-33i,1+2.1658e-33i,1-1.5829e-33i,1-8.6374e-33i,1-1.3166e-34i,1+3.093e-32i,1-5.2537e-33i,1-2.5142e-32i,1-3.1036e-32i,1-8.0579e-34i,1+2.5901e-32i,1+2.3493e-32i,1+3.8043e-33i,1+3.1791e-33i,0.1462-0.17232i,0.45008+0.45862i,1-1.3051e-33i,1+2.3498e-31i
67,0.53448,1,1+4.2921e-33i,1-5.3518e-34i,1+3.7215e-30i,1-1.3686e-32i,1+8.1461e-34i,1-1.3802e-31i,1-1.4968e-35i,1-6.0107e-32i,1+1.1572e-32i,1-1.6253e-32i,1+4.0331e-35i,1+1.4444e-34i,1+2.2181e-33i,1-2.9179e-33i,1+1.5186e-33i,1+1.4791e-33i,1+2.1658e-33i,1-1.5829e-33i,1-8.6374e-33i,1-1.3166e-34i,1+3.093e-32i,1-5.2537e-33i,1-2.5142e-32i,1-3.1036e-32i,1-8.0579e-34i,1+2.5901e-32i,1+2.3493e-32i,1+3.8043e-33i,1+3.1791e-33i,0.1462-0.17232i,0.45008+0.45862i,1-1.3051e-33i,1+2.3498e-31i
25,0.55172,1,1+4.2921e-33i,1-5.3518e-34i,1+3.7215e-30i,1-1.3686e-32i,1+8.1461e-34i,1-1.3802e-31i,1-1.4968e-35i,1-6.0107e-32i,1+1.1572e-32i,1-1.6253e-32i,1+4.0331e-35i,1+1.4444e-34i,1+2.2181e-33i,1-2.9179e-33i,1+1.5186e-33i,1+1.4791e-33i,1+2.1658e-33i,1-1.5829e-33i,1-8.6374e-33i,1-1.3166e-34i,1+3.093e-32i,1-5.2537e-33i,1-2.5142e-32i,1-3.1036e-32i,1-8.0579e-34i,1+2.5901e-32i,1+2.3493e-32i,1+3.8043e-33i,1+3.1791e-33i,0.1462-0.17232i,0.45008+0.45862i,1-1.3051e-33i,1+2.3498e-31i
47,0.55172,1,1+4.2921e-33i,1-5.3518e-34i,1+3.7215e-30i,1-1.3686e-32i,1+8.1461e-34i,1-1.3802e-31i,1-1.4968e-35i,1-6.0107e-32i,1+1.1572e-32i,1-1.6253e-32i,1+4.0331e-35i,1+1.4444e-34i,1+2.2181e-33i,1-2.9179e-33i,1+1.5186e-33i,1+1.4791e-33i,1+2.1658e-33i,1-1.5829e-33i,1-8.6374e-33i,1-1.3166e-34i,1+3.093e-32i,1-5.2537e-33i,1-2.5142e-32i,1-3.1036e-32i,1-8.0579e-34i,1+2.5901e-32i,1+2.3493e-32i,1+3.8043e-33i,1+3.1791e-33i,0.1462-0.17232i,0.45008+0.45862i,1-1.3051e-33i,1+2.3498e-31i
67,0.55172,1,1+4.2921e-33i,1-5.3518e-34i,1+3.7215e-30i,1-1.3686e-32i,1+8.1461e-34i,1-1.3802e-31i,1-1.4968e-35i,1-6.0107e-32i,1+1.1572e-32i,1-1.6253e-32i,1+4.0331e-35i,1+1.4444e-34i,1+2.2181e-33i,1-2.9179e-33i,1+1.5186e-33i,1+1.4791e-33i,1+2.1658e-33i,1-1.5829e-33i,1-8.6374e-33i,1-1.3166e-34i,1+3.093e-32i,1-5.2537e-33i,1-2.5142e-32i,1-3.1036e-32i,1-8.0579e-34i,1+2.5901e-32i,1+2.3493e-32i,1+3.8043e-33i,1+3.1791e-33i,0.1462-0.17232i,0.45008+0.45862i,1-1.3051e-33i,1+2.3498e-31i
25,0.56897,1,1+4.2921e-33i,1-5.3518e-34i,1+3.7215e-30i,1-1.3686e-32i,1+8.1461e-34i,1-1.3802e-31i,1-1.4968e-35i,1-6.0107e-32i,1+1.1572e-32i,1-1.6253e-32i,1+4.0331e-35i,1+1.4444e-34i,1+2.2181e-33i,1-2.9179e-33i,1+1.5186e-33i,1+1.4791e-33i,1+2.1658e-33i,1-1.5829e-33i,1-8.6374e-33i,1-1.3166e-34i,1+3.093e-32i,1-5.2537e-33i,1-2.5142e-32i,1-3.1036e-32i,1-8.0579e-34i,1+2.5901e-32i,1+2.3493e-32i,1+3.8043e-33i,1+3.1791e-33i,0.1462-0.17232i,0.45008+0.45862i,1-1.3051e-33i,1+2.3498e-31i
47,0.56897,1,1+4.2921e-33i,1-5.3518e-34i,1+3.7215e-30i,1-1.3686e-32i,1+8.1461e-34i,1-1.3802e-31i,1-1.4968e-35i,1-6.0107e-32i,1+1.1572e-32i,1-1.6253e-32i,1+4.0331e-35i,1+1.4444e-34i,1+2.2181e-33i,1-2.9179e-33i,1+1.5186e-33i,1+1.4791e-33i,1+2.1658e-33i,1-1.5829e-33i,1-8.6374e-33i,1-1.3166e-34i,1+3.093e-32i,1-5.2537e-33i,1-2.5142e-32i,1-3.1036e-32i,1-8.0579e-34i,1+2.5901e-32i,1+2.3493e-32i,1+3.8043e-33i,1+3.1791e-33i,0.1462-0.17232i,0.45008+0.45862i,1-1.3051e-33i,1+2.3498e-31i
67,0.56897,1,1+4.2921e-33i,1-5.3518e-34i,1+3.7215e-30i,1-1.3686e-32i,1+8.1461e-34i,1-1.3802e-31i,1-1.4968e-35i,1-6.0107e-32i,1+1.1572e-32i,1-1.6253e-32i,1+4.0331e-35i,1+1.4444e-34i,1+2.2181e-33i,1-2.9179e-33i,1+1.5186e-33i,1+1.4791e-33i,1+2.1658e-33i,1-1.5829e-33i,1-8.6374e-33i,1-1.3166e-34i,1+3.093e-32i,1-5.2537e-33i,1-2.5142e-32i,1-3.1036e-32i,1-8.0579e-34i,1+2.5901e-32i,1+2.3493e-32i,1+3.8043e-33i,1+3.1791e-33i,0.1462-0.17232i,0.45008+0.45862i,1-1.3051e-33i,1+2.3498e-31i
25,0.58621,1,1+4.2921e-33i,1-5.3518e-34i,1+3.7215e-30i,1-1.3686e-32i,1+8.1461e-34i,1-1.3802e-31i,1-1.4968e-35i,1-6.0107e-32i,1+1.1572e-32i,1-1.6253e-32i,1+4.0331e-35i,1+1.4444e-34i,1+2.2181e-33i,1-2.9179e-33i,1+1.5186e-33i,1+1.4791e-33i,1+2.1658e-33i,1-1.5829e-33i,1-8.6374e-33i,1-1.3166e-34i,1+3.093e-32i,1-5.2537e-33i,1-2.5142e-32i,1-3.1036e-32i,1-8.0579e-34i,1+2.5901e-32i,1+2.3493e-32i,1+3.8043e-33i,1+3.1791e-33i,0.1462-0.17232i,0.45008+0.45862i,1-1.3051e-33i,1+2.3498e-31i
47,0.58621,1,1+4.2921e-33i,1-5.3518e-34i,1+3.7215e-30i,1-1.3686e-32i,1+8.1461e-34i,1-1.3802e-31i,1-1.4968e-35i,1-6.0107e-32i,1+1.1572e-32i,1-1.6253e-32i,1+4.0331e-35i,1+1.4444e-34i,1+2.2181e-33i,1-2.9179e-33i,1+1.5186e-33i,1+1.4791e-33i,1+2.1658e-33i,1-1.5829e-33i,1-8.6374e-33i,1-1.3166e-34i,1+3.093e-32i,1-5.2537e-33i,1-2.5142e-32i,1-3.1036e-32i,1-8.0579e-34i,1+2.5901e-32i,1+2.3493e-32i,1+3.8043e-33i,1+3.1791e-33i,0.1462-0.17232i,0.45008+0.45862i,1-1.3051e-33i,1+2.3498e-31i
67,0.58621,1,1+4.2921e-33i,1-5.3518e-34i,1+3.7215e-30i,1-1.3686e-32i,1+8.1461e-34i,1-1.3802e-31i,1-1.4968e-35i,1-6.0107e-32i,1+1.1572e-32i,1-1.6253e-32i,1+4.0331e-35i,1+1.4444e-34i,1+2.2181e-33i,1-2.9179e-33i,1+1.5186e-33i,1+1.4791e-33i,1+2.1658e-33i,1-1.5829e-33i,1-8.6374e-33i,1-1.3166e-34i,1+3.093e-32i,1-5.2537e-33i,1-2.5142e-32i,1-3.1036e-32i,1-8.0579e-34i,1+2.5901e-32i,1+2.3493e-32i,1+3.8043e-33i,1+3.1791e-33i,0.1462-0.17232i,0.45008+0.45862i,1-1.3051e-33i,1+2.3498e-31i
25,0.60345,1,1+4.2921e-33i,1-5.3518e-34i,1+3.7215e-30i,1-1.3686e-32i,1+8.1461e-34i,1-1.3802e-31i,1-1.4968e-35i,1-6.0107e-32i,1+1.1572e-32i,1-1.6253e-32i,1+4.0331e-35i,1+1.4444e-34i,1+2.2181e-33i,1-2.9179e-33i,1+1.5186e-33i,1+1.4791e-33i,1+2.1658e-33i,1-1.5829e-33i,1-8.6374e-33i,1-1.3166e-34i,1+3.093e-32i,1-5.2537e-33i,1-2.5142e-32i,1-3.1036e-32i,1-8.0579e-34i,1+2.5901e-32i,1+2.3493e-32i,1+3.8043e-33i,1+3.1791e-33i,0.1462-0.17232i,0.45008+0.45862i,1-1.3051e-33i,1+2.3498e-31i
47,0.60345,1,1+4.2921e-33i,1-5.3518e-34i,1+3.7215e-30i,1-1.3686e-32i,1+8.1461e-34i,1-1.3802e-31i,1-1.4968e-35i,1-6.0107e-32i,1+1.1572e-32i,1-1.6253e-32i,1+4.0331e-35i,1+1.4444e-34i,1+2.2181e-33i,1-2.9179e-33i,1+1.5186e-33i,1+1.4791e-33i,1+2.1658e-33i,1-1.5829e-33i,1-8.6374e-33i,1-1.3166e-34i,1+3.093e-32i,1-5.2537e-33i,1-2.5142e-32i,1-3.1036e-32i,1-8.0579e-34i,1+2.5901e-32i,1+2.3493e-32i,1+3.8043e-33i,1+3.1791e-33i,0.1462-0.17232i,0.45008+0.45862i,1-1.3051e-33i,1+2.3498e-31i
67,0.60345,1,1+4.2921e-33i,1-5.3518e-34i,1+3.7215e-30i,1-1.3686e-32i,1+8.1461e-34i,1-1.3802e-31i,1-1.4968e-35i,1-6.0107e-32i,1+1.1572e-32i,1-1.6253e-32i,1+4.0331e-35i,1+1.4444e-34i,1+2.2181e-33i,1-2.9179e-33i,1+1.5186e-33i,1+1.4791e-33i,1+2.1658e-33i,1-1.5829e-33i,1-8.6374e-33i,1-1.3166e-34i,1+3.093e-32i,1-5.2537e-33i,1-2.5142e-32i,1-3.1036e-32i,1-8.0579e-34i,1+2.5901e-32i,1+2.3493e-32i,1+3.8043e-33i,1+3.1791e-33i,0.1462-0.17232i,0.45008+0.45862i,1-1.3051e-33i,1+2.3498e-31i
25,0.62069,1,1+4.2921e-33i,1-5.3518e-34i,1+3.7215e-30i,1-1.3686e-32i,1+8.1461e-34i,1-1.3802e-31i,1-1.4968e-35i,1-6.0107e-32i,1+1.1572e-32i,1-1.6253e-32i,1+4.0331e-35i,1+1.4444e-34i,1+2.2181e-33i,1-2.9179e-33i,1+1.5186e-33i,1+1.4791e-33i,1+2.1658e-33i,1-1.5829e-33i,1-8.6374e-33i,1-1.3166e-34i,1+3.093e-32i,1-5.2537e-33i,1-2.5142e-32i,1-3.1036e-32i,1-8.0579e-34i,1+2.5901e-32i,1+2.3493e-32i,1+3.8043e-33i,1+3.1791e-33i,0.1462-0.17232i,0.45008+0.45862i,1-1.3051e-33i,1+2.3498e-31i
47,0.62069,1,1+4.2921e-33i,1-5.3518e-34i,1+3.7215e-30i,1-1.3686e-32i,1+8.1461e-34i,1-1.3802e-31i,1-1.4968e-35i,1-6.0107e-32i,1+1.1572e-32i,1-1.6253e-32i,1+4.0331e-35i,1+1.4444e-34i,1+2.2181e-33i,1-2.9179e-33i,1+1.5186e-33i,1+1.4791e-33i,1+2.1658e-33i,1-1.5829e-33i,1-8.6374e-33i,1-1.3166e-34i,1+3.093e-32i,1-5.2537e-33i,1-2.5142e-32i,1-3.1036e-32i,1-8.0579e-34i,1+2.5901e-32i,1+2.3493e-32i,1+3.8043e-33i,1+3.1791e-33i,0.1462-0.17232i,0.45008+0.45862i,1-1.3051e-33i,1+2.3498e-31i
67,0.62069,1,1+4.2921e-33i,1-5.3518e-34i,1+3.7215e-30i,1-1.3686e-32i,1+8.1461e-34i,1-1.3802e-31i,1-1.4968e-35i,1-6.0107e-32i,1+1.1572e-32i,1-1.6253e-32i,1+4.0331e-35i,1+1.4444e-34i,1+2.2181e-33i,1-2.9179e-33i,1+1.5186e-33i,1+1.4791e-33i,1+2.1658e-33i,1-1.5829e-33i,1-8.6374e-33i,1-1.3166e-34i,1+3.093e-32i,1-5.2537e-33i,1-2.5142e-32i,1-3.1036e-32i,1-8.0579e-34i,1+2.5901e-32i,1+2.3493e-32i,1+3.8043e-33i,1+3.1791e-33i,0.1462-0.17232i,0.45008+0.45862i,1-1.3051e-33i,1+2.3498e-31i
25,0.63793,1,1+4.2921e-33i,1-5.3518e-34i,1+3.7215e-30i,1-1.3686e-32i,1+8.1461e-34i,1-1.3802e-31i,1-1.4968e-35i,1-6.0107e-32i,1+1.1572e-32i,1-1.6253e-32i,1+4.0331e-35i,1+1.4444e-34i,1+2.2181e-33i,1-2.9179e-33i,1+1.5186e-33i,1+1.4791e-33i,1+2.1658e-33i,1-1.5829e-33i,1-8.6374e-33i,1-1.3166e-34i,1+3.093e-32i,1-5.2537e-33i,1-2.5142e-32i,1-3.1036e-32i,1-8.0579e-34i,1+2.5901e-32i,1+2.3493e-32i,1+3.8043e-33i,1+3.1791e-33i,0.1462-0.17232i,0.45008+0.45862i,1-1.3051e-33i,1+2.3498e-31i
47,0.63793,1,1+4.2921e-33i,1-5.3518e-34i,1+3.7215e-30i,1-1.3686e-32i,1+8.1461e-34i,1-1.3802e-31i,1-1.4968e-35i,1-6.0107e-32i,1+1.1572e-32i,1-1.6253e-32i,1+4.0331e-35i,1+1.4444e-34i,1+2.2181e-33i,1-2.9179e-33i,1+1.5186e-33i,1+1.4791e-33i,1+2.1658e-33i,1-1.5829e-33i,1-8.6374e-33i,1-1.3166e-34i,1+3.093e-32i,1-5.2537e-33i,1-2.5142e-32i,1-3.1036e-32i,1-8.0579e-34i,1+2.5901e-32i,1+2.3493e-32i,1+3.8043e-33i,1+3.1791e-33i,0.1462-0.17232i,0.45008+0.45862i,1-1.3051e-33i,1+2.3498e-31i
67,0.63793,1,1+4.2921e-33i,1-5.3518e-34i,1+3.7215e-30i,1-1.3686e-32i,1+8.1461e-34i,1-1.3802e-31i,1-1.4968e-35i,1-6.0107e-32i,1+1.1572e-32i,1-1.6253e-32i,1+4.0331e-35i,1+1.4444e-34i,1+2.2181e-33i,1-2.9179e-33i,1+1.5186e-33i,1+1.4791e-33i,1+2.1658e-33i,1-1.5829e-33i,1-8.6374e-33i,1-1.3166e-34i,1+3.093e-32i,1-5.2537e-33i,1-2.5142e-32i,1-3.1036e-32i,1-8.0579e-34i,1+2.5901e-32i,1+2.3493e-32i,1+3.8043e-33i,1+3.1791e-33i,0.1462-0.17232i,0.45008+0.45862i,1-1.3051e-33i,1+2.3498e-31i
25,0.65517,1,1+4.2921e-33i,1-5.3518e-34i,1+3.7215e-30i,1-1.3686e-32i,1+8.1461e-34i,1-1.3802e-31i,1-1.4968e-35i,1-6.0107e-32i,1+1.1572e-32i,1-1.6253e-32i,1+4.0331e-35i,1+1.4444e-34i,1+2.2181e-33i,1-2.9179e-33i,1+1.5186e-33i,1+1.4791e-33i,1+2.1658e-33i,1-1.5829e-33i,1-8.6374e-33i,1-1.3166e-34i,1+3.093e-32i,1-5.2537e-33i,1-2.5142e-32i,1-3.1036e-32i,1-8.0579e-34i,1+2.5901e-32i,1+2.3493e-32i,1+3.8043e-33i,1+3.1791e-33i,0.1462-0.17232i,0.45008+0.45862i,1-1.3051e-33i,1+2.3498e-31i
47,0.65517,1,1+4.2921e-33i,1-5.3518e-34i,1+3.7215e-30i,1-1.3686e-32i,1+8.1461e-34i,1-1.3802e-31i,1-1.4968e-35i,1-6.0107e-32i,1+1.1572e-32i,1-1.6253e-32i,1+4.0331e-35i,1+1.4444e-34i,1+2.2181e-33i,1-2.9179e-33i,1+1.5186e-33i,1+1.4791e-33i,1+2.1658e-33i,1-1.5829e-33i,1-8.6374e-33i,1-1.3166e-34i,1+3.093e-32i,1-5.2537e-33i,1-2.5142e-32i,1-3.1036e-32i,1-8.0579e-34i,1+2.5901e-32i,1+2.3493e-32i,1+3.8043e-33i,1+3.1791e-33i,0.1462-0.17232i,0.45008+0.45862i,1-1.3051e-33i,1+2.3498e-31i
67,0.65517,1,1+4.2921e-33i,1-5.3518e-34i,1+3.7215e-30i,1-1.3686e-32i,1+8.1461e-34i,1-1.3802e-31i,1-1.4968e-35i,1-6.0107e-32i,1+1.1572e-32i,1-1.6253e-32i,1+4.0331e-35i,1+1.4444e-34i,1+2.2181e-33i,1-2.9179e-33i,1+1.5186e-33i,1+1.4791e-33i,1+2.1658e-33i,1-1.5829e-33i,1-8.6374e-33i,1-1.3166e-34i,1+3.093e-32i,1-5.2537e-33i,1-2.5142e-32i,1-3.1036e-32i,1-8.0579e-34i,1+2.5901e-32i,1+2.3493e-32i,1+3.8043e-33i,1+3.1791e-33i,0.1462-0.17232i,0.45008+0.45862i,1-1.3051e-33i,1+2.3498e-31i
25,0.67241,1,1+4.2921e-33i,1-5.3518e-34i,1+3.7215e-30i,1-1.3686e-32i,1+8.1461e-34i,1-1.3802e-31i,1-1.4968e-35i,1-6.0107e-32i,1+1.1572e-32i,1-1.6253e-32i,1+4.0331e-35i,1+1.4444e-34i,1+2.2181e-33i,1-2.9179e-33i,1+1.5186e-33i,1+1.4791e-33i,1+2.1658e-33i,1-1.5829e-33i,1-8.6374e-33i,1-1.3166e-34i,1+3.093e-32i,1-5.2537e-33i,1-2.5142e-32i,1-3.1036e-32i,1-8.0579e-34i,1+2.5901e-32i,1+2.3493e-32i,1+3.8043e-33i,1+3.1791e-33i,1-8.1548e-35i,1+5.9277e-34i,1-1.3051e-33i,1+2.3498e-31i
47,0.67241,1,1+4.2921e-33i,1-5.3518e-34i,1+3.7215e-30i,1-1.3686e-32i,1+8.1461e-34i,1-1.3802e-31i,1-1.4968e-35i,1-6.0107e-32i,1+1.1572e-32i,1-1.6253e-32i,1+4.0331e-35i,1+1.4444e-34i,1+2.2181e-33i,1-2.9179e-33i,1+1.5186e-33i,1+1.4791e-33i,1+2.1658e-33i,1-1.5829e-33i,1-8.6374e-33i,1-1.3166e-34i,1+3.093e-32i,1-5.2537e-33i,1-2.5142e-32i,1-3.1036e-32i,1-8.0579e-34i,1+2.5901e-32i,1+2.3493e-32i,1+3.8043e-33i,1+3.1791e-33i,1-8.1548e-35i,1+5.9277e-34i,1-1.3051e-33i,1+2.3498e-31i
67,0.67241,1,1+4.2921e-33i,1-5.3518e-34i,1+3.7215e-30i,1-1.3686e-32i,1+8.1461e-34i,1-1.3802e-31i,1-1.4968e-35i,1-6.0107e-32i,1+1.1572e-32i,1-1.6253e-32i,1+4.0331e-35i,1+1.4444e-34i,1+2.2181e-33i,1-2.9179e-33i,1+1.5186e-33i,1+1.4791e-33i,1+2.1658e-33i,1-1.5829e-33i,1-8.6374e-33i,1-1.3166e-34i,1+3.093e-32i,1-5.2537e-33i,1-2.5142e-32i,1-3.1036e-32i,1-8.0579e-34i,1+2.5901e-32i,1+2.3493e-32i,1+3.8043e-33i,1+3.1791e-33i,1-8.1548e-35i,1+5.9277e-34i,1-1.3051e-33i,1+2.3498e-31i
25,0.68966,1,1+4.2921e-33i,1-5.3518e-34i,1+3.7215e-30i,1-1.3686e-32i,1+8.1461e-34i,1-1.3802e-31i,1-1.4968e-35i,1-6.0107e-32i,1+1.1572e-32i,1-1.6253e-32i,1+4.0331e-35i,1+1.4444e-34i,1+2.2181e-33i,1-2.9179e-33i,1+1.5186e-33i,1+1.4791e-33i,1+2.1658e-33i,1-1.5829e-33i,1-8.6374e-33i,1-1.3166e-34i,1+3.093e-32i,1-5.2537e-33i,1-2.5142e-32i,1-3.1036e-32i,1-8.0579e-34i,1+2.5901e-32i,1+2.3493e-32i,1+3.8043e-33i,1+3.1791e-33i,1-8.1548e-35i,1+5.9277e-34i,1-1.3051e-33i,1+2.3498e-31i
47,0.68966,1,1+4.2921e-33i,1-5.3518e-34i,1+3.7215e-30i,1-1.3686e-32i,1+8.1461e-34i,1-1.3802e-31i,1-1.4968e-35i,1-6.0107e-32i,1+1.1572e-32i,1-1.6253e-32i,1+4.0331e-35i,1+1.4444e-34i,1+2.2181e-33i,1-2.9179e-33i,1+1.5186e-33i,1+1.4791e-33i,1+2.1658e-33i,1-1.5829e-33i,1-8.6374e-33i,1-1.3166e-34i,1+3.093e-32i,1-5.2537e-33i,1-2.5142e-32i,1-3.1036e-32i,1-8.0579e-34i,1+2.5901e-32i,1+2.3493e-32i,1+3.8043e-33i,1+3.1791e-33i,1-8.1548e-35i,1+5.9277e-34i,1-1.3051e-33i,1+2.3498e-31i
67,0.68966,1,1+4.2921e-33i,1-5.3518e-34i,1+3.7215e-30i,1-1.3686e-32i,1+8.1461e-34i,1-1.3802e-31i,1-1.4968e-35i,1-6.0107e-32i,1+1.1572e-32i,1-1.6253e-32i,1+4.0331e-35i,1+1.4444e-34i,1+2.2181e-33i,1-2.9179e-33i,1+1.5186e-33i,1+1.4791e-33i,1+2.1658e-33i,1-1.5829e-33i,1-8.6374e-33i,1-1.3166e-34i,1+3.093e-32i,1-5.2537e-33i,1-2.5142e-32i,1-3.1036e-32i,1-8.0579e-34i,1+2.5901e-32i,1+2.3493e-32i,1+3.8043e-33i,1+3.1791e-33i,1-8.1548e-35i,1+5.9277e-34i,1-1.3051e-33i,1+2.3498e-31i
25,0.7069,1,1+4.2921e-33i,1-5.3518e-34i,1+3.7215e-30i,1-1.3686e-32i,1+8.1461e-34i,1-1.3802e-31i,1-1.4968e-35i,1-6.0107e-32i,1+1.1572e-32i,1-1.6253e-32i,1+4.0331e-35i,1+1.4444e-34i,1+2.2181e-33i,1-2.9179e-33i,1+1.5186e-33i,1+1.4791e-33i,1+2.1658e-33i,1-1.5829e-33i,1-8.6374e-33i,1-1.3166e-34i,1+3.093e-32i,1-5.2537e-33i,1-2.5142e-32i,1-3.1036e-32i,1-8.0579e-34i,1+2.5901e-32i,1+2.3493e-32i,1+3.8043e-33i,1+3.1791e-33i,1-8.1548e-35i,1+5.9277e-34i,1-1.3051e-33i,1+2.3498e-31i
47,0.7069,1,1+4.2921e-33i,1-5.3518e-34i,1+3.7215e-30i,1-1.3686e-32i,1+8.1461e-34i,1-1.3802e-31i,1-1.4968e-35i,1-6.0107e-32i,1+1.1572e-32i,1-1.6253e-32i,1+4.0331e-35i,1+1.4444e-34i,1+2.2181e-33i,1-2.9179e-33i,1+1.5186e-33i,1+1.4791e-33i,1+2.1658e-33i,1-1.5829e-33i,1-8.6374e-33i,1-1.3166e-34i,1+3.093e-32i,1-5.2537e-33i,1-2.5142e-32i,1-3.1036e-32i,1-8.0579e-34i,1+2.5901e-32i,1+2.3493e-32i,1+3.8043e-33i,1+3.1791e-33i,1-8.1548e-35i,1+5.9277e-34i,1-1.3051e-33i,1+2.3498e-31i
67,0.7069,1,1+4.2921e-33i,1-5.3518e-34i,1+3.7215e-30i,1-1.3686e-32i,1+8.1461e-34i,1-1.3802e-31i,1-1.4968e-35i,1-6.0107e-32i,1+1.1572e-32i,1-1.6253e-32i,1+4.0331e-35i,1+1.4444e-34i,1+2.2181e-33i,1-2.9179e-33i,1+1.5186e-33i,1+1.4791e-33i,1+2.1658e-33i,1-1.5829e-33i,1-8.6374e-33i,1-1.3166e-34i,1+3.093e-32i,1-5.2537e-33i,1-2.5142e-32i,1-3.1036e-32i,1-8.0579e-34i,1+2.5901e-32i,1+2.3493e-32i,1+3.8043e-33i,1+3.1791e-33i,1-8.1548e-35i,1+5.9277e-34i,1-1.3051e-33i,1+2.3498e-31i
25,0.72414,1,1+4.2921e-33i,1-5.3518e-34i,1+3.7215e-30i,1-1.3686e-32i,1+8.1461e-34i,1-1.3802e-31i,1-1.4968e-35i,1-6.0107e-32i,1+1.1572e-32i,1-1.6253e-32i,1+4.0331e-35i,1+1.4444e-34i,1+2.2181e-33i,1-2.9179e-33i,1+1.5186e-33i,1+1.4791e-33i,1+2.1658e-33i,1-1.5829e-33i,1-8.6374e-33i,1-1.3166e-34i,1+3.093e-32i,1-5.2537e-33i,1-2.5142e-32i,1-3.1036e-32i,1-8.0579e-34i,1+2.5901e-32i,1+2.3493e-32i,1+3.8043e-33i,1+3.1791e-33i,1-8.1548e-35i,1+5.9277e-34i,1-1.3051e-33i,1+2.3498e-31i
47,0.72414,1,1+4.2921e-33i,1-5.3518e-34i,1+3.7215e-30i,1-1.3686e-32i,1+8.1461e-34i,1-1.3802e-31i,1-1.4968e-35i,1-6.0107e-32i,1+1.1572e-32i,1-1.6253e-32i,1+4.0331e-35i,1+1.4444e-34i,1+2.2181e-33i,1-2.9179e-33i,1+1.5186e-33i,1+1.4791e-33i,1+2.1658e-33i,1-1.5829e-33i,1-8.6374e-33i,1-1.3166e-34i,1+3.093e-32i,1-5.2537e-33i,1-2.5142e-32i,1-3.1036e-32i,1-8.0579e-34i,1+2.5901e-32i,1+2.3493e-32i,1+3.8043e-33i,1+3.1791e-33i,1-8.1548e-35i,1+5.9277e-34i,1-1.3051e-33i,1+2.3498e-31i
67,0.72414,1,1+4.2921e-33i,1-5.3518e-34i,1+3.7215e-30i,1-1.3686e-32i,1+8.1461e-34i,1-1.3802e-31i,1-1.4968e-35i,1-6.0107e-32i,1+1.1572e-32i,1-1.6253e-32i,1+4.0331e-35i,1+1.4444e-34i,1+2.2181e-33i,1-2.9179e-33i,1+1.5186e-33i,1+1.4791e-33i,1+2.1658e-33i,1-1.5829e-33i,1-8.6374e-33i,1-1.3166e-34i,1+3.093e-32i,1-5.2537e-33i,1-2.5142e-32i,1-3.1036e-32i,1-8.0579e-34i,1+2.5901e-32i,1+2.3493e-32i,1+3.8043e-33i,1+3.1791e-33i,1-8.1548e-35i,1+5.9277e-34i,1-1.3051e-33i,1+2.3498e-31i
25,0.74138,1,1+4.2921e-33i,1-5.3518e-34i,1+3.7215e-30i,1-1.3686e-32i,1+8.1461e-34i,1-1.3802e-31i,1-1.4968e-35i,1-6.0107e-32i,1+1.1572e-32i,1-1.6253e-32i,1+4.0331e-35i,1+1.4444e-34i,1+2.2181e-33i,1-2.9179e-33i,1+1.5186e-33i,1+1.4791e-33i,1+2.1658e-33i,1-1.5829e-33i,1-8.6374e-33i,1-1.3166e-34i,1+3.093e-32i,1-5.2537e-33i,1-2.5142e-32i,1-3.1036e-32i,1-8.0579e-34i,1+2.5901e-32i,1+2.3493e-32i,1+3.8043e-33i,1+3.1791e-33i,1-8.1548e-35i,1+5.9277e-34i,1-1.3051e-33i,1+2.3498e-31i
47,0.74138,1,1+4.2921e-33i,1-5.3518e-34i,1+3.7215e-30i,1-1.3686e-32i,1+8.1461e-34i,1-1.3802e-31i,1-1.4968e-35i,1-6.0107e-32i,1+1.1572e-32i,1-1.6253e-32i,1+4.0331e-35i,1+1.4444e-34i,1+2.2181e-33i,1-2.9179e-33i,1+1.5186e-33i,1+1.4791e-33i,1+2.1658e-33i,1-1.5829e-33i,1-8.6374e-33i,1-1.3166e-34i,1+3.093e-32i,1-5.2537e-33i,1-2.5142e-32i,1-3.1036e-32i,1-8.0579e-34i,1+2.5901e-32i,1+2.3493e-32i,1+3.8043e-33i,1+3.1791e-33i,1-8.1548e-35i,1+5.9277e-34i,1-1.3051e-33i,1+2.3498e-31i
67,0.74138,1,1+4.2921e-33i,1-5.3518e-34i,1+3.7215e-30i,1-1.3686e-32i,1+8.1461e-34i,1-1.3802e-31i,1-1.4968e-35i,1-6.0107e-32i,1+1.1572e-32i,1-1.6253e-32i,1+4.0331e-35i,1+1.4444e-34i,1+2.2181e-33i,1-2.9179e-33i,1+1.5186e-33i,1+1.4791e-33i,1+2.1658e-33i,1-1.5829e-33i,1-8.6374e-33i,1-1.3166e-34i,1+3.093e-32i,1-5.2537e-33i,1-2.5142e-32i,1-3.1036e-32i,1-8.0579e-34i,1+2.5901e-32i,1+2.3493e-32i,1+3.8043e-33i,1+3.1791e-33i,1-8.1548e-35i,1+5.9277e-34i,1-1.3051e-33i,1+2.3498e-31i
25,0.75862,1,1+4.2921e-33i,1-5.3518e-34i,1+3.7215e-30i,1-1.3686e-32i,1+8.1461e-34i,1-1.3802e-31i,1-1.4968e-35i,1-6.0107e-32i,1+1.1572e-32i,1-1.6253e-32i,1+4.0331e-35i,1+1.4444e-34i,1+2.2181e-33i,1-2.9179e-33i,1+1.5186e-33i,1+1.4791e-33i,1+2.1658e-33i,1-1.5829e-33i,1-8.6374e-33i,1-1.3166e-34i,1+3.093e-32i,1-5.2537e-33i,1-2.5142e-32i,1-3.1036e-32i,1-8.0579e-34i,1+2.5901e-32i,1+2.3493e-32i,1+3.8043e-33i,1+3.1791e-33i,1-8.1548e-35i,1+5.9277e-34i,1-1.3051e-33i,1+2.3498e-31i
47,0.75862,1,1+4.2921e-33i,1-5.3518e-34i,1+3.7215e-30i,1-1.3686e-32i,1+8.1461e-34i,1-1.3802e-31i,1-1.4968e-35i,1-6.0107e-32i,1+1.1572e-32i,1-1.6253e-32i,1+4.0331e-35i,1+1.4444e-34i,1+2.2181e-33i,1-2.9179e-33i,1+1.5186e-33i,1+1.4791e-33i,1+2.1658e-33i,1-1.5829e-33i,1-8.6374e-33i,1-1.3166e-34i,1+3.093e-32i,1-5.2537e-33i,1-2.5142e-32i,1-3.1036e-32i,1-8.0579e-34i,1+2.5901e-32i,1+2.3493e-32i,1+3.8043e-33i,1+3.1791e-33i,1-8.1548e-35i,1+5.9277e-34i,1-1.3051e-33i,1+2.3498e-31i
67,0.75862,1,1+4.2921e-33i,1-5.3518e-34i,1+3.7215e-30i,1-1.3686e-32i,1+8.1461e-34i,1-1.3802e-31i,1-1.4968e-35i,1-6.0107e-32i,1+1.1572e-32i,1-1.6253e-32i,1+4.0331e-35i,1+1.4444e-34i,1+2.2181e-33i,1-2.9179e-33i,1+1.5186e-33i,1+1.4791e-33i,1+2.1658e-33i,1-1.5829e-33i,1-8.6374e-33i,1-1.3166e-34i,1+3.093e-32i,1-5.2537e-33i,1-2.5142e-32i,1-3.1036e-32i,1-8.0579e-34i,1+2.5901e-32i,1+2.3493e-32i,1+3.8043e-33i,1+3.1791e-33i,1-8.1548e-35i,1+5.9277e-34i,1-1.3051e-33i,1+2.3498e-31i
25,0.77586,1,1+4.2921e-33i,1-5.3518e-34i,1+3.7215e-30i,1-1.3686e-32i,1+8.1461e-34i,1-1.3802e-31i,1-1.4968e-35i,1-6.0107e-32i,1+1.1572e-32i,1-1.6253e-32i,1+4.0331e-35i,1+1.4444e-34i,1+2.2181e-33i,1-2.9179e-33i,1+1.5186e-33i,1+1.4791e-33i,1+2.1658e-33i,1-1.5829e-33i,1-8.6374e-33i,1-1.3166e-34i,1+3.093e-32i,1-5.2537e-33i,1-2.5142e-32i,1-3.1036e-32i,1-8.0579e-34i,1+2.5901e-32i,1+2.3493e-32i,1+3.8043e-33i,1+3.1791e-33i,1-8.1548e-35i,1+5.9277e-34i,1-1.3051e-33i,1+2.3498e-31i
47,0.77586,1,1+4.2921e-33i,1-5.3518e-34i,1+3.7215e-30i,1-1.3686e-32i,1+8.1461e-34i,1-1.3802e-31i,1-1.4968e-35i,1-6.0107e-32i,1+1.1572e-32i,1-1.6253e-32i,1+4.0331e-35i,1+1.4444e-34i,1+2.2181e-33i,1-2.9179e-33i,1+1.5186e-33i,1+1.4791e-33i,1+2.1658e-33i,1-1.5829e-33i,1-8.6374e-33i,1-1.3166e-34i,1+3.093e-32i,1-5.2537e-33i,1-2.5142e-32i,1-3.1036e-32i,1-8.0579e-34i,1+2.5901e-32i,1+2.3493e-32i,1+3.8043e-33i,1+3.1791e-33i,1-8.1548e-35i,1+5.9277e-34i,1-1.3051e-33i,1+2.3498e-31i
67,0.77586,1,1+4.2921e-33i,1-5.3518e-34i,1+3.7215e-30i,1-1.3686e-32i,1+8.1461e-34i,1-1.3802e-31i,1-1.4968e-35i,1-6.0107e-32i,1+1.1572e-32i,1-1.6253e-32i,1+4.0331e-35i,1+1.4444e-34i,1+2.2181e-33i,1-2.9179e-33i,1+1.5186e-33i,1+1.4791e-33i,1+2.1658e-33i,1-1.5829e-33i,1-8.6374e-33i,1-1.3166e-34i,1+3.093e-32i,1-5.2537e-33i,1-2.5142e-32i,1-3.1036e-32i,1-8.0579e-34i,1+2.5901e-32i,1+2.3493e-32i,1+3.8043e-33i,1+3.1791e-33i,1-8.1548e-35i,1+5.9277e-34i,1-1.3051e-33i,1+2.3498e-31i
25,0.7931,1,1+4.2921e-33i,1-5.3518e-34i,1+3.7215e-30i,1-1.3686e-32i,1+8.1461e-34i,1-1.3802e-31i,1-1.4968e-35i,1-6.0107e-32i,1+1.1572e-32i,1-1.6253e-32i,1+4.0331e-35i,1+1.4444e-34i,1+2.2181e-33i,1-2.9179e-33i,1+1.5186e-33i,1+1.4791e-33i,1+2.1658e-33i,1-1.5829e-33i,1-8.6374e-33i,1-1.3166e-34i,1+3.093e-32i,1-5.2537e-33i,1-2.5142e-32i,1-3.1036e-32i,1-8.0579e-34i,1+2.5901e-32i,1+2.3493e-32i,1+3.8043e-33i,1+3.1791e-33i,1-8.1548e-35i,1+5.9277e-34i,1-1.3051e-33i,1+2.3498e-31i
47,0.7931,1,1+4.2921e-33i,1-5.3518e-34i,1+3.7215e-30i,1-1.3686e-32i,1+8.1461e-34i,1-1.3802e-31i,1-1.4968e-35i,1-6.0107e-32i,1+1.1572e-32i,1-1.6253e-32i,1+4.0331e-35i,1+1.4444e-34i,1+2.2181e-33i,1-2.9179e-33i,1+1.5186e-33i,1+1.4791e-33i,1+2.1658e-33i,1-1.5829e-33i,1-8.6374e-33i,1-1.3166e-34i,1+3.093e-32i,1-5.2537e-33i,1-2.5142e-32i,1-3.1036e-32i,1-8.0579e-34i,1+2.5901e-32i,1+2.3493e-32i,1+3.8043e-33i,1+3.1791e-33i,1-8.1548e-35i,1+5.9277e-34i,1-1.3051e-33i,1+2.3498e-31i
67,0.7931,1,1+4.2921e-33i,1-5.3518e-34i,1+3.7215e-30i,1-1.3686e-32i,1+8.1461e-34i,1-1.3802e-31i,1-1.4968e-35i,1-6.0107e-32i,1+1.1572e-32i,1-1.6253e-32i,1+4.0331e-35i,1+1.4444e-34i,1+2.2181e-33i,1-2.9179e-33i,1+1.5186e-33i,1+1.4791e-33i,1+2.1658e-33i,1-1.5829e-33i,1-8.6374e-33i,1-1.3166e-34i,1+3.093e-32i,1-5.2537e-33i,1-2.5142e-32i,1-3.1036e-32i,1-8.0579e-34i,1+2.5901e-32i,1+2.3493e-32i,1+3.8043e-33i,1+3.1791e-33i,1-8.1548e-35i,1+5.9277e-34i,1-1.3051e-33i,1+2.3498e-31i
25,0.81034,1,1+4.2921e-33i,1-5.3518e-34i,1+3.7215e-30i,1-1.3686e-32i,1+8.1461e-34i,1-1.3802e-31i,1-1.4968e-35i,1-6.0107e-32i,1+1.1572e-32i,1-1.6253e-32i,1+4.0331e-35i,1+1.4444e-34i,1+2.2181e-33i,1-2.9179e-33i,1+1.5186e-33i,1+1.4791e-33i,1+2.1658e-33i,1-1.5829e-33i,1-8.6374e-33i,1-1.3166e-34i,1+3.093e-32i,1-5.2537e-33i,1-2.5142e-32i,1-3.1036e-32i,1-8.0579e-34i,1+2.5901e-32i,1+2.3493e-32i,1+3.8043e-33i,1+3.1791e-33i,1-8.1548e-35i,1+5.9277e-34i,1-1.3051e-33i,1+2.3498e-31i
47,0.81034,1,1+4.2921e-33i,1-5.3518e-34i,1+3.7215e-30i,1-1.3686e-32i,1+8.1461e-34i,1-1.3802e-31i,1-1.4968e-35i,1-6.0107e-32i,1+1.1572e-32i,1-1.6253e-32i,1+4.0331e-35i,1+1.4444e-34i,1+2.2181e-33i,1-2.9179e-33i,1+1.5186e-33i,1+1.4791e-33i,1+2.1658e-33i,1-1.5829e-33i,1-8.6374e-33i,1-1.3166e-34i,1+3.093e-32i,1-5.2537e-33i,1-2.5142e-32i,1-3.1036e-32i,1-8.0579e-34i,1+2.5901e-32i,1+2.3493e-32i,1+3.8043e-33i,1+3.1791e-33i,1-8.1548e-35i,1+5.9277e-34i,1-1.3051e-33i,1+2.3498e-31i
67,0.81034,1,1+4.2921e-33i,1-5.3518e-34i,1+3.7215e-30i,1-1.3686e-32i,1+8.1461e-34i,1-1.3802e-31i,1-1.4968e-35i,1-6.0107e-32i,1+1.1572e-32i,1-1.6253e-32i,1+4.0331e-35i,1+1.4444e-34i,1+2.2181e-33i,1-2.9179e-33i,1+1.5186e-33i,1+1.4791e-33i,1+2.1658e-33i,1-1.5829e-33i,1-8.6374e-33i,1-1.3166e-34i,1+3.093e-32i,1-5.2537e-33i,1-2.5142e-32i,1-3.1036e-32i,1-8.0579e-34i,1+2.5901e-32i,1+2.3493e-32i,1+3.8043e-33i,1+3.1791e-33i,1-8.1548e-35i,1+5.9277e-34i,1-1.3051e-33i,1+2.3498e-31i
25,0.82759,1,1+4.2921e-33i,1-5.3518e-34i,1+3.7215e-30i,1-1.3686e-32i,1+8.1461e-34i,1-1.3802e-31i,1-1.4968e-35i,1-6.0107e-32i,1+1.1572e-32i,1-1.6253e-32i,1+4.0331e-35i,1+1.4444e-34i,1+2.2181e-33i,1-2.9179e-33i,1+1.5186e-33i,1+1.4791e-33i,1+2.1658e-33i,1-1.5829e-33i,1-8.6374e-33i,1-1.3166e-34i,1+3.093e-32i,1-5.2537e-33i,1-2.5142e-32i,1-3.1036e-32i,1-8.0579e-34i,1+2.5901e-32i,1+2.3493e-32i,1+3.8043e-33i,1+3.1791e-33i,1-8.1548e-35i,1+5.9277e-34i,1-1.3051e-33i,1+2.3498e-31i
47,0.82759,1,1+4.2921e-33i,1-5.3518e-34i,1+3.7215e-30i,1-1.3686e-32i,1+8.1461e-34i,1-1.3802e-31i,1-1.4968e-35i,1-6.0107e-32i,1+1.1572e-32i,1-1.6253e-32i,1+4.0331e-35i,1+1.4444e-34i,1+2.2181e-33i,1-2.9179e-33i,1+1.5186e-33i,1+1.4791e-33i,1+2.1658e-33i,1-1.5829e-33i,1-8.6374e-33i,1-1.3166e-34i,1+3.093e-32i,1-5.2537e-33i,1-2.5142e-32i,1-3.1036e-32i,1-8.0579e-34i,1+2.5901e-32i,1+2.3493e-32i,1+3.8043e-33i,1+3.1791e-33i,1-8.1548e-35i,1+5.9277e-34i,1-1.3051e-33i,1+2.3498e-31i
67,0.82759,1,1+4.2921e-33i,1-5.3518e-34i,1+3.7215e-30i,1-1.3686e-32i,1+8.1461e-34i,1-1.3802e-31i,1-1.4968e-35i,1-6.0107e-32i,1+1.1572e-32i,1-1.6253e-32i,1+4.0331e-35i,1+1.4444e-34i,1+2.2181e-33i,1-2.9179e-33i,1+1.5186e-33i,1+1.4791e-33i,1+2.1658e-33i,1-1.5829e-33i,1-8.6374e-33i,1-1.3166e-34i,1+3.093e-32i,1-5.2537e-33i,1-2.5142e-32i,1-3.1036e-32i,1-8.0579e-34i,1+2.5901e-32i,1+2.3493e-32i,1+3.8043e-33i,1+3.1791e-33i,1-8.1548e-35i,1+5.9277e-34i,1-1.3051e-33i,1+2.3498e-31i
25,0.84483,1,1+4.2921e-33i,1-5.3518e-34i,1+3.7215e-30i,1-1.3686e-32i,1+8.1461e-34i,1-1.3802e-31i,1-1.4968e-35i,1-6.0107e-32i,1+1.1572e-32i,1-1.6253e-32i,1+4.0331e-35i,1+1.4444e-34i,1+2.2181e-33i,1-2.9179e-33i,1+1.5186e-33i,1+1.4791e-33i,1+2.1658e-33i,1-1.5829e-33i,1-8.6374e-33i,1-1.3166e-34i,1+3.093e-32i,1-5.2537e-33i,1-2.5142e-32i,1-3.1036e-32i,1-8.0579e-34i,1+2.5901e-32i,1+2.3493e-32i,1+3.8043e-33i,1+3.1791e-33i,1-8.1548e-35i,1+5.9277e-34i,1-1.3051e-33i,1+2.3498e-31i
47,0.84483,1,1+4.2921e-33i,1-5.3518e-34i,1+3.7215e-30i,1-1.3686e-32i,1+8.1461e-34i,1-1.3802e-31i,1-1.4968e-35i,1-6.0107e-32i,1+1.1572e-32i,1-1.6253e-32i,1+4.0331e-35i,1+1.4444e-34i,1+2.2181e-33i,1-2.9179e-33i,1+1.5186e-33i,1+1.4791e-33i,1+2.1658e-33i,1-1.5829e-33i,1-8.6374e-33i,1-1.3166e-34i,1+3.093e-32i,1-5.2537e-33i,1-2.5142e-32i,1-3.1036e-32i,1-8.0579e-34i,1+2.5901e-32i,1+2.3493e-32i,1+3.8043e-33i,1+3.1791e-33i,1-8.1548e-35i,1+5.9277e-34i,1-1.3051e-33i,1+2.3498e-31i
67,0.84483,1,1+4.2921e-33i,1-5.3518e-34i,1+3.7215e-30i,1-1.3686e-32i,1+8.1461e-34i,1-1.3802e-31i,1-1.4968e-35i,1-6.0107e-32i,1+1.1572e-32i,1-1.6253e-32i,1+4.0331e-35i,1+1.4444e-34i,1+2.2181e-33i,1-2.9179e-33i,1+1.5186e-33i,1+1.4791e-33i,1+2.1658e-33i,1-1.5829e-33i,1-8.6374e-33i,1-1.3166e-34i,1+3.093e-32i,1-5.2537e-33i,1-2.5142e-32i,1-3.1036e-32i,1-8.0579e-34i,1+2.5901e-32i,1+2.3493e-32i,1+3.8043e-33i,1+3.1791e-33i,1-8.1548e-35i,1+5.9277e-34i,1-1.3051e-33i,1+2.3498e-31i
25,0.86207,1,1+4.2921e-33i,1-5.3518e-34i,1+3.7215e-30i,1-1.3686e-32i,1+8.1461e-34i,1-1.3802e-31i,1-1.4968e-35i,1-6.0107e-32i,1+1.1572e-32i,1-1.6253e-32i,1+4.0331e-35i,1+1.4444e-34i,1+2.2181e-33i,1-2.9179e-33i,1+1.5186e-33i,1+1.4791e-33i,1+2.1658e-33i,1-1.5829e-33i,1-8.6374e-33i,1-1.3166e-34i,1+3.093e-32i,1-5.2537e-33i,1-2.5142e-32i,1-3.1036e-32i,1-8.0579e-34i,1+2.5901e-32i,1+2.3493e-32i,1+3.8043e-33i,1+3.1791e-33i,1-8.1548e-35i,1+5.9277e-34i,1-1.3051e-33i,1+2.3498e-31i
47,0.86207,1,1+4.2921e-33i,1-5.3518e-34i,1+3.7215e-30i,1-1.3686e-32i,1+8.1461e-34i,1-1.3802e-31i,1-1.4968e-35i,1-6.0107e-32i,1+1.1572e-32i,1-1.6253e-32i,1+4.0331e-35i,1+1.4444e-34i,1+2.2181e-33i,1-2.9179e-33i,1+1.5186e-33i,1+1.4791e-33i,1+2.1658e-33i,1-1.5829e-33i,1-8.6374e-33i,1-1.3166e-34i,1+3.093e-32i,1-5.2537e-33i,1-2.5142e-32i,1-3.1036e-32i,1-8.0579e-34i,1+2.5901e-32i,1+2.3493e-32i,1+3.8043e-33i,1+3.1791e-33i,1-8.1548e-35i,1+5.9277e-34i,1-1.3051e-33i,1+2.3498e-31i
67,0.86207,1,1+4.2921e-33i,1-5.3518e-34i,1+3.7215e-30i,1-1.3686e-32i,1+8.1461e-34i,1-1.3802e-31i,1-1.4968e-35i,1-6.0107e-32i,1+1.1572e-32i,1-1.6253e-32i,1+4.0331e-35i,1+1.4444e-34i,1+2.2181e-33i,1-2.9179e-33i,1+1.5186e-33i,1+1.4791e-33i,1+2.1658e-33i,1-1.5829e-33i,1-8.6374e-33i,1-1.3166e-34i,1+3.093e-32i,1-5.2537e-33i,1-2.5142e-32i,1-3.1036e-32i,1-8.0579e-34i,1+2.5901e-32i,1+2.3493e-32i,1+3.8043e-33i,1+3.1791e-33i,1-8.1548e-35i,1+5.9277e-34i,1-1.3051e-33i,1+2.3498e-31i
25,0.87931,1,1+4.2921e-33i,1-5.3518e-34i,1+3.7215e-30i,1-1.3686e-32i,1+8.1461e-34i,1-1.3802e-31i,1-1.4968e-35i,1-6.0107e-32i,1+1.1572e-32i,1-1.6253e-32i,1+4.0331e-35i,1+1.4444e-34i,1+2.2181e-33i,1-2.9179e-33i,1+1.5186e-33i,1+1.4791e-33i,1+2.1658e-33i,1-1.5829e-33i,1-8.6374e-33i,1-1.3166e-34i,1+3.093e-32i,1-5.2537e-33i,1-2.5142e-32i,1-3.1036e-32i,1-8.0579e-34i,1+2.5901e-32i,1+2.3493e-32i,1+3.8043e-33i,1+3.1791e-33i,1-8.1548e-35i,1+5.9277e-34i,1-1.3051e-33i,1+2.3498e-31i
47,0.87931,1,1+4.2921e-33i,1-5.3518e-34i,1+3.7215e-30i,1-1.3686e-32i,1+8.1461e-34i,1-1.3802e-31i,1-1.4968e-35i,1-6.0107e-32i,1+1.1572e-32i,1-1.6253e-32i,1+4.0331e-35i,1+1.4444e-34i,1+2.2181e-33i,1-2.9179e-33i,1+1.5186e-33i,1+1.4791e-33i,1+2.1658e-33i,1-1.5829e-33i,1-8.6374e-33i,1-1.3166e-34i,1+3.093e-32i,1-5.2537e-33i,1-2.5142e-32i,1-3.1036e-32i,1-8.0579e-34i,1+2.5901e-32i,1+2.3493e-32i,1+3.8043e-33i,1+3.1791e-33i,1-8.1548e-35i,1+5.9277e-34i,1-1.3051e-33i,1+2.3498e-31i
67,0.87931,1,1+4.2921e-33i,1-5.3518e-34i,1+3.7215e-30i,1-1.3686e-32i,1+8.1461e-34i,1-1.3802e-31i,1-1.4968e-35i,1-6.0107e-32i,1+1.1572e-32i,1-1.6253e-32i,1+4.0331e-35i,1+1.4444e-34i,1+2.2181e-33i,1-2.9179e-33i,1+1.5186e-33i,1+1.4791e-33i,1+2.1658e-33i,1-1.5829e-33i,1-8.6374e-33i,1-1.3166e-34i,1+3.093e-32i,1-5.2537e-33i,1-2.5142e-32i,1-3.1036e-32i,1-8.0579e-34i,1+2.5901e-32i,1+2.3493e-32i,1+3.8043e-33i,1+3.1791e-33i,1-8.1548e-35i,1+5.9277e-34i,1-1.3051e-33i,1+2.3498e-31i
25,0.89655,1,1+4.2921e-33i,1-5.3518e-34i,1+3.7215e-30i,1-1.3686e-32i,1+8.1461e-34i,1-1.3802e-31i,1-1.4968e-35i,1-6.0107e-32i,1+1.1572e-32i,1-1.6253e-32i,1+4.0331e-35i,1+1.4444e-34i,1+2.2181e-33i,1-2.9179e-33i,1+1.5186e-33i,1+1.4791e-33i,1+2.1658e-33i,1-1.5829e-33i,1-8.6374e-33i,1-1.3166e-34i,1+3.093e-32i,1-5.2537e-33i,1-2.5142e-32i,1-3.1036e-32i,1-8.0579e-34i,1+2.5901e-32i,1+2.3493e-32i,1+3.8043e-33i,1+3.1791e-33i,1-8.1548e-35i,1+5.9277e-34i,1-1.3051e-33i,1+2.3498e-31i
47,0.89655,1,1+4.2921e-33i,1-5.3518e-34i,1+3.7215e-30i,1-1.3686e-32i,1+8.1461e-34i,1-1.3802e-31i,1-1.4968e-35i,1-6.0107e-32i,1+1.1572e-32i,1-1.6253e-32i,1+4.0331e-35i,1+1.4444e-34i,1+2.2181e-33i,1-2.9179e-33i,1+1.5186e-33i,1+1.4791e-33i,1+2.1658e-33i,1-1.5829e-33i,1-8.6374e-33i,1-1.3166e-34i,1+3.093e-32i,1-5.2537e-33i,1-2.5142e-32i,1-3.1036e-32i,1-8.0579e-34i,1+2.5901e-32i,1+2.3493e-32i,1+3.8043e-33i,1+3.1791e-33i,1-8.1548e-35i,1+5.9277e-34i,1-1.3051e-33i,1+2.3498e-31i
67,0.89655,1,1+4.2921e-33i,1-5.3518e-34i,1+3.7215e-30i,1-1.3686e-32i,1+8.1461e-34i,1-1.3802e-31i,1-1.4968e-35i,1-6.0107e-32i,1+1.1572e-32i,1-1.6253e-32i,1+4.0331e-35i,1+1.4444e-34i,1+2.2181e-33i,1-2.9179e-33i,1+1.5186e-33i,1+1.4791e-33i,1+2.1658e-33i,1-1.5829e-33i,1-8.6374e-33i,1-1.3166e-34i,1+3.093e-32i,1-5.2537e-33i,1-2.5142e-32i,1-3.1036e-32i,1-8.0579e-34i,1+2.5901e-32i,1+2.3493e-32i,1+3.8043e-33i,1+3.1791e-33i,1-8.1548e-35i,1+5.9277e-34i,1-1.3051e-33i,1+2.3498e-31i
25,0.91379,1,1+4.2921e-33i,1-5.3518e-34i,1+3.7215e-30i,1-1.3686e-32i,1+8.1461e-34i,1-1.3802e-31i,1-1.4968e-35i,1-6.0107e-32i,1+1.1572e-32i,1-1.6253e-32i,1+4.0331e-35i,1+1.4444e-34i,1+2.2181e-33i,1-2.9179e-33i,1+1.5186e-33i,1+1.4791e-33i,1+2.1658e-33i,1-1.5829e-33i,1-8.6374e-33i,1-1.3166e-34i,1+3.093e-32i,1-5.2537e-33i,1-2.5142e-32i,1-3.1036e-32i,1-8.0579e-34i,1+2.5901e-32i,1+2.3493e-32i,1+3.8043e-33i,1+3.1791e-33i,1-8.1548e-35i,1+5.9277e-34i,1-1.3051e-33i,1+2.3498e-31i
47,0.91379,1,1+4.2921e-33i,1-5.3518e-34i,1+3.7215e-30i,1-1.3686e-32i,1+8.1461e-34i,1-1.3802e-31i,1-1.4968e-35i,1-6.0107e-32i,1+1.1572e-32i,1-1.6253e-32i,1+4.0331e-35i,1+1.4444e-34i,1+2.2181e-33i,1-2.9179e-33i,1+1.5186e-33i,1+1.4791e-33i,1+2.1658e-33i,1-1.5829e-33i,1-8.6374e-33i,1-1.3166e-34i,1+3.093e-32i,1-5.2537e-33i,1-2.5142e-32i,1-3.1036e-32i,1-8.0579e-34i,1+2.5901e-32i,1+2.3493e-32i,1+3.8043e-33i,1+3.1791e-33i,1-8.1548e-35i,1+5.9277e-34i,1-1.3051e-33i,1+2.3498e-31i
67,0.91379,1,1+4.2921e-33i,1-5.3518e-34i,1+3.7215e-30i,1-1.3686e-32i,1+8.1461e-34i,1-1.3802e-31i,1-1.4968e-35i,1-6.0107e-32i,1+1.1572e-32i,1-1.6253e-32i,1+4.0331e-35i,1+1.4444e-34i,1+2.2181e-33i,1-2.9179e-33i,1+1.5186e-33i,1+1.4791e-33i,1+2.1658e-33i,1-1.5829e-33i,1-8.6374e-33i,1-1.3166e-34i,1+3.093e-32i,1-5.2537e-33i,1-2.5142e-32i,1-3.1036e-32i,1-8.0579e-34i,1+2.5901e-32i,1+2.3493e-32i,1+3.8043e-33i,1+3.1791e-33i,1-8.1548e-35i,1+5.9277e-34i,1-1.3051e-33i,1+2.3498e-31i
25,0.93103,1,1+4.2921e-33i,1-5.3518e-34i,1+3.7215e-30i,1-1.3686e-32i,1+8.1461e-34i,1-1.3802e-31i,1-1.4968e-35i,1-6.0107e-32i,1+1.1572e-32i,1-1.6253e-32i,1+4.0331e-35i,1+1.4444e-34i,1+2.2181e-33i,1-2.9179e-33i,1+1.5186e-33i,1+1.4791e-33i,1+2.1658e-33i,1-1.5829e-33i,1-8.6374e-33i,1-1.3166e-34i,1+3.093e-32i,1-5.2537e-33i,1-2.5142e-32i,1-3.1036e-32i,1-8.0579e-34i,1+2.5901e-32i,1+2.3493e-32i,1+3.8043e-33i,1+3.1791e-33i,1-8.1548e-35i,1+5.9277e-34i,1-1.3051e-33i,1+2.3498e-31i
47,0.93103,1,1+4.2921e-33i,1-5.3518e-34i,1+3.7215e-30i,1-1.3686e-32i,1+8.1461e-34i,1-1.3802e-31i,1-1.4968e-35i,1-6.0107e-32i,1+1.1572e-32i,1-1.6253e-32i,1+4.0331e-35i,1+1.4444e-34i,1+2.2181e-33i,1-2.9179e-33i,1+1.5186e-33i,1+1.4791e-33i,1+2.1658e-33i,1-1.5829e-33i,1-8.6374e-33i,1-1.3166e-34i,1+3.093e-32i,1-5.2537e-33i,1-2.5142e-32i,1-3.1036e-32i,1-8.0579e-34i,1+2.5901e-32i,1+2.3493e-32i,1+3.8043e-33i,1+3.1791e-33i,1-8.1548e-35i,1+5.9277e-34i,1-1.3051e-33i,1+2.3498e-31i
67,0.93103,1,1+4.2921e-33i,1-5.3518e-34i,1+3.7215e-30i,1-1.3686e-32i,1+8.1461e-34i,1-1.3802e-31i,1-1.4968e-35i,1-6.0107e-32i,1+1.1572e-32i,1-1.6253e-32i,1+4.0331e-35i,1+1.4444e-34i,1+2.2181e-33i,1-2.9179e-33i,1+1.5186e-33i,1+1.4791e-33i,1+2.1658e-33i,1-1.5829e-33i,1-8.6374e-33i,1-1.3166e-34i,1+3.093e-32i,1-5.2537e-33i,1-2.5142e-32i,1-3.1036e-32i,1-8.0579e-34i,1+2.5901e-32i,1+2.3493e-32i,1+3.8043e-33i,1+3.1791e-33i,1-8.1548e-35i,1+5.9277e-34i,1-1.3051e-33i,1+2.3498e-31i
25,0.94828,1,1+4.2921e-33i,1-5.3518e-34i,1+3.7215e-30i,1-1.3686e-32i,1+8.1461e-34i,1-1.3802e-31i,1-1.4968e-35i,1-6.0107e-32i,1+1.1572e-32i,1-1.6253e-32i,1+4.0331e-35i,1+1.4444e-34i,1+2.2181e-33i,1-2.9179e-33i,1+1.5186e-33i,1+1.4791e-33i,1+2.1658e-33i,1-1.5829e-33i,1-8.6374e-33i,1-1.3166e-34i,1+3.093e-32i,1-5.2537e-33i,1-2.5142e-32i,1-3.1036e-32i,1-8.0579e-34i,1+2.5901e-32i,1+2.3493e-32i,1+3.8043e-33i,1+3.1791e-33i,1-8.1548e-35i,1+5.9277e-34i,1-1.3051e-33i,1+2.3498e-31i
47,0.94828,1,1+4.2921e-33i,1-5.3518e-34i,1+3.7215e-30i,1-1.3686e-32i,1+8.1461e-34i,1-1.3802e-31i,1-1.4968e-35i,1-6.0107e-32i,1+1.1572e-32i,1-1.6253e-32i,1+4.0331e-35i,1+1.4444e-34i,1+2.2181e-33i,1-2.9179e-33i,1+1.5186e-33i,1+1.4791e-33i,1+2.1658e-33i,1-1.5829e-33i,1-8.6374e-33i,1-1.3166e-34i,1+3.093e-32i,1-5.2537e-33i,1-2.5142e-32i,1-3.1036e-32i,1-8.0579e-34i,1+2.5901e-32i,1+2.3493e-32i,1+3.8043e-33i,1+3.1791e-33i,1-8.1548e-35i,1+5.9277e-34i,1-1.3051e-33i,1+2.3498e-31i
67,0.94828,1,1+4.2921e-33i,1-5.3518e-34i,1+3.7215e-30i,1-1.3686e-32i,1+8.1461e-34i,1-1.3802e-31i,1-1.4968e-35i,1-6.0107e-32i,1+1.1572e-32i,1-1.6253e-32i,1+4.0331e-35i,1+1.4444e-34i,1+2.2181e-33i,1-2.9179e-33i,1+1.5186e-33i,1+1.4791e-33i,1+2.1658e-33i,1-1.5829e-33i,1-8.6374e-33i,1-1.3166e-34i,1+3.093e-32i,1-5.2537e-33i,1-2.5142e-32i,1-3.1036e-32i,1-8.0579e-34i,1+2.5901e-32i,1+2.3493e-32i,1+3.8043e-33i,1+3.1791e-33i,1-8.1548e-35i,1+5.9277e-34i,1-1.3051e-33i,1+2.3498e-31i
25,0.96552,1,1+4.2921e-33i,1-5.3518e-34i,1+3.7215e-30i,1-1.3686e-32i,1+8.1461e-34i,1-1.3802e-31i,1-1.4968e-35i,1-6.0107e-32i,1+1.1572e-32i,1-1.6253e-32i,1+4.0331e-35i,1+1.4444e-34i,1+2.2181e-33i,1-2.9179e-33i,1+1.5186e-33i,1+1.4791e-33i,1+2.1658e-33i,1-1.5829e-33i,1-8.6374e-33i,1-1.3166e-34i,1+3.093e-32i,1-5.2537e-33i,1-2.5142e-32i,1-3.1036e-32i,1-8.0579e-34i,1+2.5901e-32i,1+2.3493e-32i,1+3.8043e-33i,1+3.1791e-33i,1-8.1548e-35i,1+5.9277e-34i,1-1.3051e-33i,1+2.3498e-31i
47,0.96552,1,1+4.2921e-33i,1-5.3518e-34i,1+3.7215e-30i,1-1.3686e-32i,1+8.1461e-34i,1-1.3802e-31i,1-1.4968e-35i,1-6.0107e-32i,1+1.1572e-32i,1-1.6253e-32i,1+4.0331e-35i,1+1.4444e-34i,1+2.2181e-33i,1-2.9179e-33i,1+1.5186e-33i,1+1.4791e-33i,1+2.1658e-33i,1-1.5829e-33i,1-8.6374e-33i,1-1.3166e-34i,1+3.093e-32i,1-5.2537e-33i,1-2.5142e-32i,1-3.1036e-32i,1-8.0579e-34i,1+2.5901e-32i,1+2.3493e-32i,1+3.8043e-33i,1+3.1791e-33i,1-8.1548e-35i,1+5.9277e-34i,1-1.3051e-33i,1+2.3498e-31i
67,0.96552,1,1+4.2921e-33i,1-5.3518e-34i,1+3.7215e-30i,1-1.3686e-32i,1+8.1461e-34i,1-1.3802e-31i,1-1.4968e-35i,1-6.0107e-32i,1+1.1572e-32i,1-1.6253e-32i,1+4.0331e-35i,1+1.4444e-34i,1+2.2181e-33i,1-2.9179e-33i,1+1.5186e-33i,1+1.4791e-33i,1+2.1658e-33i,1-1.5829e-33i,1-8.6374e-33i,1-1.3166e-34i,1+3.093e-32i,1-5.2537e-33i,1-2.5142e-32i,1-3.1036e-32i,1-8.0579e-34i,1+2.5901e-32i,1+2.3493e-32i,1+3.8043e-33i,1+3.1791e-33i,1-8.1548e-35i,1+5.9277e-34i,1-1.3051e-33i,1+2.3498e-31i
25,0.98276,1,1+4.2921e-33i,1-5.3518e-34i,1+3.7215e-30i,1-1.3686e-32i,1+8.1461e-34i,1-1.3802e-31i,1-1.4968e-35i,1-6.0107e-32i,1+1.1572e-32i,1-1.6253e-32i,1+4.0331e-35i,1+1.4444e-34i,1+2.2181e-33i,1-2.9179e-33i,1+1.5186e-33i,1+1.4791e-33i,1+2.1658e-33i,1-1.5829e-33i,1-8.6374e-33i,1-1.3166e-34i,1+3.093e-32i,1-5.2537e-33i,1-2.5142e-32i,1-3.1036e-32i,1-8.0579e-34i,1+2.5901e-32i,1+2.3493e-32i,1+3.8043e-33i,1+3.1791e-33i,1-8.1548e-35i,1+5.9277e-34i,1-1.3051e-33i,1+2.3498e-31i
47,0.98276,1,1+4.2921e-33i,1-5.3518e-34i,1+3.7215e-30i,1-1.3686e-32i,1+8.1461e-34i,1-1.3802e-31i,1-1.4968e-35i,1-6.0107e-32i,1+1.1572e-32i,1-1.6253e-32i,1+4.0331e-35i,1+1.4444e-34i,1+2.2181e-33i,1-2.9179e-33i,1+1.5186e-33i,1+1.4791e-33i,1+2.1658e-33i,1-1.5829e-33i,1-8.6374e-33i,1-1.3166e-34i,1+3.093e-32i,1-5.2537e-33i,1-2.5142e-32i,1-3.1036e-32i,1-8.0579e-34i,1+2.5901e-32i,1+2.3493e-32i,1+3.8043e-33i,1+3.1791e-33i,1-8.1548e-35i,1+5.9277e-34i,1-1.3051e-33i,1+2.3498e-31i
67,0.98276,1,1+4.2921e-33i,1-5.3518e-34i,1+3.7215e-30i,1-1.3686e-32i,1+8.1461e-34i,1-1.3802e-31i,1-1.4968e-35i,1-6.0107e-32i,1+1.1572e-32i,1-1.6253e-32i,1+4.0331e-35i,1+1.4444e-34i,1+2.2181e-33i,1-2.9179e-33i,1+1.5186e-33i,1+1.4791e-33i,1+2.1658e-33i,1-1.5829e-33i,1-8.6374e-33i,1-1.3166e-34i,1+3.093e-32i,1-5.2537e-33i,1-2.5142e-32i,1-3.1036e-32i,1-8.0579e-34i,1+2.5901e-32i,1+2.3493e-32i,1+3.8043e-33i,1+3.1791e-33i,1-8.1548e-35i,1+5.9277e-34i,1-1.3051e-33i,1+2.3498e-31i
25,1,1,1+4.2921e-33i,1-5.3518e-34i,1+3.7215e-30i,1-1.3686e-32i,1+8.1461e-34i,1-1.3802e-31i,1-1.4968e-35i,1-6.0107e-32i,1+1.1572e-32i,1-1.6253e-32i,1+4.0331e-35i,1+1.4444e-34i,1+2.2181e-33i,1-2.9179e-33i,1+1.5186e-33i,1+1.4791e-33i,1+2.1658e-33i,1-1.5829e-33i,1-8.6374e-33i,1-1.3166e-34i,1+3.093e-32i,1-5.2537e-33i,1-2.5142e-32i,1-3.1036e-32i,1-8.0579e-34i,1+2.5901e-32i,1+2.3493e-32i,1+3.8043e-33i,1+3.1791e-33i,1-8.1548e-35i,1+5.9277e-34i,1-1.3051e-33i,1+2.3498e-31i
47,1,1,1+4.2921e-33i,1-5.3518e-34i,1+3.7215e-30i,1-1.3686e-32i,1+8.1461e-34i,1-1.3802e-31i,1-1.4968e-35i,1-6.0107e-32i,1+1.1572e-32i,1-1.6253e-32i,1+4.0331e-35i,1+1.4444e-34i,1+2.2181e-33i,1-2.9179e-33i,1+1.5186e-33i,1+1.4791e-33i,1+2.1658e-33i,1-1.5829e-33i,1-8.6374e-33i,1-1.3166e-34i,1+3.093e-32i,1-5.2537e-33i,1-2.5142e-32i,1-3.1036e-32i,1-8.0579e-34i,1+2.5901e-32i,1+2.3493e-32i,1+3.8043e-33i,1+3.1791e-33i,1-8.1548e-35i,1+5.9277e-34i,1-1.3051e-33i,1+2.3498e-31i
67,1,1,1+4.2921e-33i,1-5.3518e-34i,1+3.7215e-30i,1-1.3686e-32i,1+8.1461e-34i,1-1.3802e-31i,1-1.4968e-35i,1-6.0107e-32i,1+1.1572e-32i,1-1.6253e-32i,1+4.0331e-35i,1+1.4444e-34i,1+2.2181e-33i,1-2.9179e-33i,1+1.5186e-33i,1+1.4791e-33i,1+2.1658e-33i,1-1.5829e-33i,1-8.6374e-33i,1-1.3166e-34i,1+3.093e-32i,1-5.2537e-33i,1-2.5142e-32i,1-3.1036e-32i,1-8.0579e-34i,1+2.5901e-32i,1+2.3493e-32i,1+3.8043e-33i,1+3.1791e-33i,1-8.1548e-35i,1+5.9277e-34i,1-1.3051e-33i,1+2.3498e-31i
